egrt,surname,first_name,id,simon_id,first_name_alt,surname_alt,date_of_birth,date_of_death,active_beginning,active_ending,guild,occupation_rank_1,occupation_rank_2,occupation_rank_3,occupation_rank_4,books_owned_by,made_instruments_for,made_instruments_designed_by,owned_instruments_by,supplied_instruments_to,used_instruments_by,published_books_by,edited_work_by,wrote_treatise_on_instrument_by,sold_books_by,sold_map_by,published_map_by,translated_books_by,worked_with,partnership_with,studied_with,friend_of,associated_with,visited,see_also,designed_instruments_for,sold_instruments_by,demonstrated_instruments_to,observed_experiment_by,conducted_experiment_with,tested_instruments_by,improved_instruments_designed_by,modified_instrument_by,copied_instrument_by,advertised_by,succeeded_by,son_of,brother_of,nephew_of,apprentice_of,pupil_of,patron_of,relation_of,son_in_law_of,shared_premises_with,lodged_with,referenced_by,recommended_by,disputed_with,rival_of,employed_by,pract_identity,group_id
1.0,Kratzer,Nicholas,DC86D1BA,,,,1486,1550,,,,Mathematical practitioner,Mathematical instrument maker,Astronomer,,387CA997,,,,,,,,,,,,,,,,,,,,,,,,,,,,,,,,,,,,,,,,,,,,,,Kratzer Nicholas DC86D1BA 1486 1550,0
2.0,Gemini,Thomas,0130014D,63,,"Lamprecht, Lambert, Lambrit",,1562,1524,1562,Stationers,Mathematical instrument maker,Engraver,Stationer,,,55DDA67E; EC011939,,,,,BB565E43,,,,,,,9851054C,,,,,,,,,,,,,,,,,,,,,,,,,,,,,,,,,Gemini Thomas 0130014D nan 1562,0
3.0,Barlow,Roger,9376A1ED,,,,,1554,1526,1554,,Navigator,Mathematical Practitioner,,,,,,,,,,,,,,,,,,,,,,,,,,,,,,,,,,,,,,,,,,,,,,,,,Barlow Roger 9376A1ED nan 1554,0
4.0,Digges,Leonard,BB565E43,,,,1510,1558,,,,Author,Mathematician,,,,,,,,,,,,,,,,,,,387CA997,,,,,,,,,,,,,,,,,,,,,,,,,,,,,,Digges Leonard BB565E43 1510 1558,0
5.0,Record,Robert,F31EE9B4,,,,1510,1558,,,,Author,Mathematician,Teacher,,,,,,,,,,,,,,,,,,,,,,,,,,,,,,,,,,,,,,,,,,,,E5FFD65F,,,,Record Robert F31EE9B4 1510 1558,0
6.0,Lee,Richard,B98C439B,,,,,,1532,1540,,Hydrographer,,,,,,,,,,,,,,,,,,,,,,,,,,,,,,,,,,,,,,,,,,,,,,,,,,Lee Richard B98C439B nan nan,1
7.0,Aborough,John,E0840029,,,,,,1533,1542,,Navigator,Gunner,,,,,,,,,,,,,,,,F7FB2275,,,,,,,,,,,,,,,,,,,,,,,,,,,,,,,,,Aborough John E0840029 nan nan,0
8.0,Bartelot,John,7709AAEC,,,Bartlet,,,1540,1546,,Hydrographer,,,,,,,,,,,,,,,,,E0840029; F7FB2275,,,,,,,,,,,,,,,,,,,,,,,,,,,,,,,,,Bartelot John 7709AAEC nan nan,0
9.0,Cheke,John,55DDA67E,,,,1514,1557,1530,1557,,Mathematician,Teacher,,,,,,,,,,,,,,,,0130014D,,,,,,387CA997,EC011939,,,,,,,,,,,,,,,,,,,,,,,,,,Cheke John 55DDA67E 1514 1557,0
10.0,Alday,James,41CC9F17,,,,1516,1576,,,,Navigator,,,,,,,,,,,,,,,,,,,,,,,,,,,,,,,,,,,,,,,,,,,,,,,,,,Alday James 41CC9F17 1516 1576,0
11.1,Benese,Richard,A4B14040,,,,,,1537,1547,,Author,,,,,,,,,,,,,,,,,,,,,,,,,,,,,,,,,,,,,,,,,,,,,,,,,,Benese Richard A4B14040 nan nan,0
11.2,Le Seney,Sebastian,40A7DBA1,464,Bastian,Leseney,,,1538,1547,,Clockmaker,,,,,,,,,,,,,,,,,,,,,,,,,,,,,,,,,,,,,,,,,,,,,,,,,,Le Seney Sebastian 40A7DBA1 nan nan,0
12.0,Caundish,Richard,F7FB2275,,,Cavendish,,,1539,1600,,Mathematician,Hydrographer,,,,,,,,,,,,,,,,E0840029; 7709AAEC,,,387CA997,,,,,,,,,,,,,,,,,,,,,,,,,,,,,,Caundish Richard F7FB2275 nan nan,0
13.0,Adams,Clement,90FBCE80,,,,1519,1587,,,,Mathematician,Teacher,,,,,,,,,,,,,,,,,,,,,,55DDA67E,,,,,,,,,,,EC011939,,,,,,,,,,,,,,,,Adams Clement 90FBCE80 1519 1587,0
14.0,Buckley,William,EC011939,,,,1519,1571,,,,Mathematician,Teacher,,,,,,,,,,,,,,,,55DDA67E,,,,,,,,,,,,,,,,,90FBCE80,,,,,,,,,,,,,,,,Buckley William EC011939 1519 1571,0
15.0,Rotz,John,BF7E24A2,,Jean,Ross,,,1540,1548,,Navigator,Hydrographer,,,,,,,,,,,,,,,,,,,,,,,,,,,,,,,,,,,,,,,,,,,,,,,,,Rotz John BF7E24A2 nan nan,0
16.0,Chancellor,Richard,88CC594E,,,,,,1526,1556,,Navigator,Mathematical instrument maker,,,,,,,,,,,,,,,,,,,387CA997,,,,,,,,,,,,,,,,,,,,,,,,,2D0F71CC; 387CA997,,,,,Chancellor Richard 88CC594E nan nan,0
17.0,Dee,John,387CA997,,,,1527,1608,,,,Mathematician,Author,Astrologer,Alchemist,,,,,,,,,,,,,,,,,55DDA67E,,,2D0F71CC,,,,,,,,,,,,,,,,,,,,,,,,,,,Dee John 387CA997 1527 1608,0
18.0,B.,W.,72537C72,,,,,,1551,,,Mathematical instrument maker,,,,,,,,,,,,,,,,,55DDA67E,,,,,,,,,,,,,,,,,,,,,,,,,,,,,,,,,B. W. 72537C72 nan nan,0
19.0,Billingsley,Henry,E35F2069,,,,,,1551,1606,,Mathematician,Author,,,,,,,,,,,,,,,387CA997,387CA997,,,,,,,,,,,,,,,,,,,,,,,,,,,,,,,,,Billingsley Henry E35F2069 nan nan,0
20.0,Borough,Stephen,9A940705,,,,,,1530,1584,,Navigator,Author,,,,,,,,,,,,,,,,88CC594E; 17CE5F99; 387CA997,,,,,,,,,,,,,,,,,,,17CE5F99,,,,,,,,,,,,,,Borough Stephen 9A940705 nan nan,0
21.0,Cole,Humfrey,9851054C,65,Humphrey,Coole,1530,1591,,,,Mathematical instrument maker,Prospector,Engraver,,,,,,,,,,,,,,,0130014D,,,,,,,,2D0F71CC,,,,,,,,,,,,,,,,,,,,EA7E7E6E,,,,,Cole Humfrey 9851054C 1530 1591,0
22.0,Cuningham,William,DF82F6BD,,,,1531,1586,,,,Mathematician,Author,,,,,,,,,,,,,,,,,,,,,,,,,,,,,,,,,,,,,,,,,,,,,,,,,Cuningham William DF82F6BD 1531 1586,0
23.0,Hill,Thomas,940A4506,,,,1553,1575,,,,Mathematician,Author,,,,,,,,,,,,,,,,,,,,,,,,,,,,,,,,,,,,,,,,,,,,,,,,,Hill Thomas 940A4506 1553 1575,2
24.0,Allen,Thomas,DA16E48E,,,,1534,1630,,,,Mathematical practitioner,Astrologer,,,,,,,,,,,,,,,,,,,,,,,,,,,,,,,,,,,,,,,,,,,,,,,,,Allen Thomas DA16E48E 1534 1630,0
25.0,Baker,Humfrey,5FE3C970,,,,,,1557,1587,,Mathematician,Author,,,,,,,,,,,,,,,,,,,,,,,,,,,,,,,,,,,,,,,,,,,,78348CA7 (possibly),,,,,Baker Humfrey 5FE3C970 nan nan,0
26.0,Borough,William,17CE5F99,,,,1537,1598,,,,Navigator,Hydrographer,,,,,,,,,,,,,,,,,,,,,,,,,,,,,,,,,,,,,,,,,,,,,,,,,Borough William 17CE5F99 1537 1598,0
27.0,Blundeville,Thomas,56D20427,,,,,,1560,1602,,Mathematician,Author,,,,,,,,,,,,,,,,,,,,,,,,,,,,,,,,,,,,,,,,,,,,,,,,,Blundeville Thomas 56D20427 nan nan,0
29.0,Norman,Robert,10C4A6E5,,,,,,1560,1570,,Navigator,Compass maker,Hydrographer,Author,,,,,,,,,,,,,,,,,,,,,,,,,,,,,,,,,,,,,,,,,,,,,,,Norman Robert 10C4A6E5 nan nan,0
30.0,Adams,Robert,2566A4F1,,,,1540,1595,,,,Hydrographer,,,,,,,,,,,,,,,,,,,,,,,,,,,,,,,,,,,,,,,,,,,,,,,,,,Adams Robert 2566A4F1 1540 1595,0
31.0,Gilbert,William,44F29E47,,,,1540,1603,,,,Mathematician,Natural philosopher,Author,,,,,,,,,,,,,,,,,,,,,,,,,,,,,,,,,,,,,,,,,,,,,,,,Gilbert William 44F29E47 1540 1603,0
32.0,Leigh,Valentine,AD0A11E0,,,,1562,1592,1587,,,Surveyor,Author,,,,,,,,,,,,,,,,,,,,,,,,,,,,,,,,,,,,,,,,,,,,,,,,,Leigh Valentine AD0A11E0 1562 1592,0
33.0,Popinjay,Richard,24893F98,,,,,,1563,1587,,Surveyor,,,,,,,,,,,,,,,,,,,,,,,,,,,,,,,,,,,,,,,,,,,,,,,,,,Popinjay Richard 24893F98 nan nan,0
34.0,Saxton,Christopher,7EB4B8AA,,,,1542,1610,1569,1610,,Mapmaker,Engraver,Surveyor,,,,,,,,,,,,,,,1CD3CDE5 (possibly),,,,,,,,,,,,,,,,,,,,,,,,,,,,,,,,387CA997,Saxton Christopher 7EB4B8AA 1542 1610,0
35.0,Digges,Thomas,2D0F71CC,,,,1543,1595,,,,Mathematical practitioner,Author,Mathematician,Astronomer,1C1703FA,,,,,,BB565E43,,,,,,,,,,387CA997,,,,,,,,,,,,,,,BB565E43,,,,387CA997,,,,,,,,,,,Digges Thomas 2D0F71CC 1543 1595,0
36.0,Lucar,Cyprian,02219BF8,,,,1544,,1590,,,Mathematical practitioner,Author,,,,,,,,,,,,,,,,,,,,,10C4A6E5,,,,,,,,,,,,,,,,,,,,,,,,,,,,Lucar Cyprian 02219BF8 1544 nan,0
37.0,Barlow,William,66EFDA0B,,,,1544,1625,,,,Navigator,Author,,,,,,,,,,,,,,,,,,,,,,,83A1DCF0,,,,,,,,,,,,,9376A1ED,,,,,,,,EB857C4B,,,,,Barlow William 66EFDA0B 1544 1625,0
38.0,Bourne,William,54072F69,,,,1565,1588,,,,Mathematical practitioner,Gunner,Author,,"38784FA8, D6B1D9F6, 8ECE9526, 0B1ABF80",,,,,,,,,,,,,,,,,,,DF82F6BD,,,,,,,,,,,,,,,,,,,,,,,,,,,Bourne William 54072F69 1565 1588,0
39.0,Newsam,Bartholomew,5D4E65E3,70,,Newsum,,1593,1565,1593,,Clockmaker,,,,,,,,,,,,,,,,,,,,,,,,,,,,,,,,,,,,,,,,,,,,,,,,,,Newsam Bartholomew 5D4E65E3 nan 1593,0
40.0,Agas,Ralph,78348CA7,,,,1545,1621,,,,Mapmaker,Surveyor,,,,,,,,,,,,,,,,,,,,,,2D0F71CC; BB565E43,,,,,,,,,,,,,,,,,,,,,,,,,,,Agas Ralph 78348CA7 1545 1621,0
41.0,Bedwell,Thomas,BC1C63D9,,,,1546,1595,,,,Mathematical practitioner,,,,,,,,,,,,,,,,,,,,,,,,,,,,,,,,,,,,,,,,,,,,,,,,,,Bedwell Thomas BC1C63D9 1546 1595,0
42.0,Lythe,Robert,1CD3CDE5,,,,,,1567,1573,,Surveyor,,,,,,,,,,,,,,,,,,,,,,,,,,,,,,,,,,,,,,,,,,,,,,,,,,Lythe Robert 1CD3CDE5 nan nan,0
43.0,Norden,John,6D2A8531,,,,1548,1626,,,,Surveyor,Mapmaker,,,,,,,,,,,,,,,,,,,,,,7EB4B8AA,,,,,,,,,,,,,,,,,,,,,,,,,,,Norden John 6D2A8531 1548 1626,0
44.0,Oliver,Thomas,85A008A5,,,,,,1569,1624,,Mathematician,,,,,,,,,,,,,,,,,,,,,,,,,,,,,,,,,,,,,,,,,,,,,,,,,,Oliver Thomas 85A008A5 nan nan,0
45.0,Warner,Walter,7E18E83F,,,,1550,1636,,,,Mathematician,,,,,,,,,,,,,,,,,,,,,6D8C5EFE,,,,,,,,,,,,,,,,,,,,,,,,,,,,,Warner Walter 7E18E83F 1550 1636,0
46.0,Davis,John,2741028A,,,,1552,1605,,,,Navigator,Hydrographer,,,,,,,,,,,,,,,,,,,C9C28687,,,,,,,,,,,,,,,,,,,,,,,,,8040A002; 387CA997,8040A002,,,,Davis John 2741028A 1552 1605,0
47.1,Hues,Robert,363253E9,,,,1553,1632,,,,Mathematician,Author,,,,,,,,,,,,,,,,C9C28687,,,,09E8D01D; 7E18E83F; F6051AFB,,,,,,,,,,,,,,,,,,,,,,,,,,,,,Hues Robert 363253E9 1553 1632,0
47.2,Ryther,Augustine,EFCA98E5,71,,,,,1576,1595,,Mathematical Instrument maker,Engraver,Mapmaker,,,,,,,,,,,,,,,7EB4B8AA; 78348CA7; F9E7419C; 2566A4F1,,,,,,,,,,,,,,,,,,,,,,,,,,,,,,,,,Ryther Augustine EFCA98E5 nan nan,0
48.0,Hood,Thomas,F9E7419C,,,,,,1577,1596,,Mathematician,Teacher,Author,,,,,,,,,,,,,,,,,,,,,56D20427,,10C4A6E5,,,,,,,,,,,,,,,,,,,,66EFDA0B,,A69CA147; F5079608,,,Hood Thomas F9E7419C nan nan,0
49.0,Turnbull,Charles,AA65CF9F,,,,1556,1608,,,,Mathematical practitioner,,,,F9E7419C,,,,,,,,,,,,,,,,,,,,,,,,,,,,,,,,,,,,,,,,,,,,,,Turnbull Charles AA65CF9F 1556 1608,0
50.0,Polter,Richard,7509D492,,,,,,1578,1605,,Hydrographer,,,,,,,,,,,,,,,,,,,,,,,623A13C1,,,,,,,,,,,,,,,,,,,,,,,,,,,Polter Richard 7509D492 nan nan,0
51.0,Kendall,Abraham,F5079608,,,,,1596,1578,1596,,Navigator,,,,,,,,,,,,,,,,,8040A002,,,,,,363253E9; 09E8D01D; 623A13C1,,,,,,,,,,,,,,,,,,,,,,8040A002; 44F29E47,,,,,Kendall Abraham F5079608 nan 1596,0
52.0,Blagrave,John,E9F785B0,,,,1558,1612,,,,Mathematical practitioner,Author,Surveyor,,8F5E7CD2,,,,,,,,,,,,,,,,8F5E7CD2,,,,,,,,,,,,,,,,,,,,,,,,,13B4485E,,,,,Blagrave John E9F785B0 1558 1612,0
53.0,Wright,Edward,623A13C1,,,,1558,1515,,,,Mathematical practitioner,Teacher,Author,Hydrographer,,,,,,,,,,,,,,44F29E47,,,0BE283D4,,,,,,,,,,,,,,,,,,,,,,,,,EB857C4B,,,,,Wright Edward 623A13C1 1558 1515,0
54.0,Forman,Simon,A69CA147,,,,1553,1611,,,,Astrologer,,,,,,,,,,,,,,,,,,,,,43F98254,,C8FFB168,,,,,,,,,,,,,,,,,,,,,,,,C9C28687,,,Forman Simon A69CA147 1553 1611,0
55.0,Hariot,Thomas,09E8D01D,,,Harriot,1560,1621,,,,Mathematician,Astronomer,Natural philosopher,Author,,,,,,,,,,,,,,363253E9; F6051AFB; 7E18E83F,,,387CA997; C9C28687,,,2D0F71CC,97E827A4,,,,,,,,,,,,,,,,,,,,,,,,,,Hariot Thomas 09E8D01D 1560 1621,0
56.0,Ridley,Mark,EB857C4B,,,,1560,1624,,,,Physician,Author,Natural philosopher,,,,,,,,,,,,,,,,,,623A13C1; 44F29E47,,,,,,,,,,,,,,,,,,,,,,,,,,,66EFDA0B,,,Ridley Mark EB857C4B 1560 1624,0
57.0,Bavin,Thomas,2C04E24A,,,,,,1582/1583,,,Surveyor,,,,,,,,,10C4A6E5; 17CE5F99,,,,,,,,,,,,,,,,,,,,,,,,,,,,,,,,,,,,,,,,,Bavin Thomas 2C04E24A nan nan,0
58.0,Briggs,Henry,0BE283D4,,,,1561,1630,,,,Mathematician,Teacher,Author,,,,,,,,,,,,,,,,,,56D20427; 623A13C1; 44F29E47; 15A821CA; 3244B04C; 08C47AD0; 707C654A; EBB936B8; 19DE965E,,,,,,,,,,,,,,,,,,,,,,,,,B215AE56; EBB936B8,,,,,Briggs Henry 0BE283D4 1561 1630,0
59.0,Bull,John,B387BD90,72,,,,,1582,,,Mathematical instrument maker,,,,,,,,,,,,,,,,,,,,,,,,,,,,,,,,,,,,,,,,,,,,,EA7E7E6E,,,,,Bull John B387BD90 nan nan,0
62.0,Hills,John,BC3B754A,,,,,,1582,,,Surveyor,,,,,,,,,,,,,,,,,,,,,,,,,,,,,,,,,,,,,,,,,,,,,EA7E7E6E,,,,,Hills John BC3B754A nan nan,3
63.0,Ivye,Paul,8499A3CC,,,,,,1582,1603,,Surveyor,,,,,,,,,,,,,,,,,2D0F71CC,,,,,,,,,,,,,,,,,,,,,,,,,,,,,,,,,Ivye Paul 8499A3CC nan nan,0
64.0,Lockerson,James,05BE4D49,73,,,,,1582,,,Mathematical instrument maker,,,,,,,,,,,,,,,,,,,,,,,,,,,,,,,,,,,,,,,,,,,,,EA7E7E6E,,,,,Lockerson James 05BE4D49 nan nan,0
65.0,Malyn,Ferdinando,C15DC074,,,,,,1582,,,Surveyor,,,,,,,,,,,,,,,,,,,,,,,,,,,,,,,,,,,,8F0B9686,,,,,,,,,EA7E7E6E,,,,,Malyn Ferdinando C15DC074 nan nan,0
66.0,Malyn,John,8F0B9686,,,,,,1582,,,Surveyor,,,,,,,,,,,,,,,,,,,,,,,,,,,,,,,,,,,,,,,,,,,,,,,,,,Malyn John 8F0B9686 nan nan,4
67.0,Owen,Thomas,9E151E4B,,,,,,1582,,,Surveyor,Councillor,,,,,,,,,,,,,,,,,,,,,,,,,,,,,,,,,,,,,,,,,,,,EA7E7E6E,,,,,Owen Thomas 9E151E4B nan nan,0
68.0,Read,John,307B99DC,74,,,,,1582,1610,,Mathematical instrument maker,,,,,,,,,,,,,,,,,,959C4301,,,,,,,,,,,,,,,,959C4301,,,,,,,,,FCC2DBFA,,EA7E7E6E; 02219BF8; E9F785B0; BE2FF28E,,,,,Read John 307B99DC nan nan,0
69.0,Reynolds,John,956E7AE7,75,,,,,1582,1636,,Mathematical instrument maker,Master gunner,,,,,,,,,,,,,,,,,,,,,,,,,,,,,,,,,,,,,,,,,,,,EA7E7E6E; 02219BF8,,,,,Reynolds John 956E7AE7 nan nan,5
70.0,Worsop,Edward,EA7E7E6E,,,,,,1582,,,Surveyor,Author,,,,,,,,,,,,,,,,,,,E35F2069,,,,,,,,,,,,,,,,,,,,,,,,,,,,,,Worsop Edward EA7E7E6E nan nan,0
71.0,Eldred,William,02FBE4D6,,,,1562,1646,,,,Gunner,Mathematical Practitioner,,,,,,,,,,,,,,,,,,,,,,,,,,,,,,,,,,,,,,,,,,,,C49CB32A,,,,,Eldred William 02FBE4D6 1562 1646,0
72.0,Browne,John,4F54BAB6,,,,,,1583,1592,,Surveyor,,,,,,,,,,,,,,,,,,,,,,,,,,,,,,,,,,,,,,,,,,,,,,,,,,Browne John 4F54BAB6 nan nan,6
73.0,Kynvyn,James,F7F0D336,76,,Kynfin,,,1569,1610,,Mathematical instrument maker,,,,,,2D0F71CC; E9F785B0,,,,,,,,,,,,,,,,,,,,,,,,,,,,9851054C (possibly),,,,,,,,,,,,,,,8040A002,Kynvyn James F7F0D336 nan nan,0
74.0,Torporley,Nathaniel,F6051AFB,,,,1564,1632,,,,Mathematical practitioner,,,,,,,,,,,,,,,,,,,,09E8D01D,363253E9; 7E18E83F; 10C4A6E5,,,,,,,,,,,,,,,,,,09E8D01D,,,,,,,,,,,Torporley Nathaniel F6051AFB 1564 1632,0
75.0,Fale,Thomas,D7EAC274,,,,,,1586,1593,,Mathematician,Author,,,,,B86AE26E,,,,,,,,,,,,,,,,,,,,,,,,,,,,,,,,,,,B86AE26E,,,,,,,,,Fale Thomas D7EAC274 nan nan,7
76.0,Osborn,Thomas,B86AE26E,81,,,,,1586,1593,,Mathematical instrument maker,,,,,,,,,,,,,,,,,,,,,,,,,,,,,,,,,,,,,,,,,D7EAC274,,,,,,,,,Osborn Thomas B86AE26E nan nan,0
77.0,Walker,John,96F01BB5,,,,,,1586,1615,,Surveyor,Architect,,,,,,,,,,,,,,,,9A49BB39,,,,,,,,,,,,,,,,,,,,,,,,,,,,,,,,,Walker John 96F01BB5 nan nan,8
78.0,Walker,John,9A49BB39,,,,,,1600,1616,,Surveyor,,,,,,,,,,,,,,,,,,,,,,,,,,,,,,,,,,,96F01BB5,,,,,,,,,,,,,,,Walker John 9A49BB39 nan nan,8
79.0,Molyneux,Emery,C9C28687,82,,,,,1587,1605,,Mathematical instrument maker,,,,,,,,,,,,,,,,,,,,,,,,,,,,,,,,,,,,,,,,,,,,,7509D492,,,,,Molyneux Emery C9C28687 nan nan,0
80.0,Evesham,Epiphanius,A21D08BB,,,,,,1570,1623,,Mathematical instrument maker (?),Engraver,,,,,,,,,,,,,,,,,,,,,,,,,,,,,,,,,,,,,,,,,,,,,,,,,Evesham Epiphanius A21D08BB nan nan,0
81.0,Cooke,Francis,1FD844C9,84,,,,,1590,1596,,Mathematical Instrument maker,Navigator,,,,,F9E7419C,,,,,,,,,,,F9E7419C,,,,,,,,,,,,,,,,,,,,,,,,,,,,,,,,,Cooke Francis 1FD844C9 nan nan,0
82.0,Crocker,John,7BA241DC,,,,,,1590,1597,,Surveyor,,,,,,,,,,,,,,,,,,,,,,,,,,,,,,,,,,,,,,,,,,,,,,,,,387CA997,Crocker John 7BA241DC nan nan,9
83.0,Jackson,Christopher,B8DCEDB5,85,,,,,1590,1616,,Mathematical instrument maker,,,,,,19DE965E,,,,,,,,,,,,,,,,,,,,,,,,,,,,,,,,,,,,,,,19DE965E,,,,,Jackson Christopher B8DCEDB5 nan nan,0
84.0,Norton,Robert,6E152681,,,,,,1590,1635,,Gunner,Mathematician,,,,,,,,,,,,,,,,,,,FD115CE0,,,,,,,,,,,,,,,,,,,956E7AE7,,,,,,54072F69; 2D0F71CC,,,,,Norton Robert 6E152681 nan nan,0
85.0,Paine,Christopher,FCC2DBFA,86,,,,,1590,,,Mathematical instrument maker,,,,,,,,,,,,,,,,,,,,,,,,,,,,,,,,,,,,,,,,,,,,,02219BF8,,,,,Paine Christopher FCC2DBFA nan nan,0
86.0,Parkes,Robert,43F98254,,,,,,1591,,,Navigator,,,,,,,,,,,,,,,,,,,,,,,,,,,,,,,,,,,,,,,,,,,,,A69CA147,,,,,Parkes Robert 43F98254 nan nan,0
87.0,Prowez,John,C1F99CBC,,,,,,1591,1596,,Gunner,,,,,,,,,,,,,,,,,,,,,,,,,,,,,,,,,,,,,,,,,,,,,,,,,,Prowez John C1F99CBC nan nan,0
88.0,Whitwell,Charles,83A1DCF0,87,,,,,1591,1606,,Mathematical instrument maker,,,,,,F9E7419C; 66EFDA0B; F6051AFB,,,,,,,,,,,,,,,,,E39AF204; 8040A002,,,,,,,,,,,E39AF204 [possibly],,,,,,,,,,,,,,,823E4AD3; 8040A002,Whitwell Charles 83A1DCF0 nan nan,0
89.0,Symonson,Philip,823E4AD3,,,,,,1592,1598,,Surveyor,,,,,,,,,,,,,,,,,,,,,,,,,,,,,,,,,,,,,,,,,,,,,,,,,,Symonson Philip 823E4AD3 nan nan,0
90.0,Drebbel,Cornelius,2766BAF5,89,,,1572,1633,,,,Mathematical instrument maker,,,,,,,,,,,,,,,,,,,,,0BE283D4,,,,,,,,,,,,,,,,,,,,,,,,,,,,,Drebbel Cornelius 2766BAF5 1572 1633,0
91.0,Rathborne,Aaron,19DE965E,,,,1572,1618,,,,Surveyor,,,,,,,,,,,,,,,,,,,,,0BE283D4; B215AE56; F4257A21,,,,,,,,,,,,,,,,,,"F4257A21 [""probably""]",,,,,F44DD406,E9CC1C68,,,,,Rathborne Aaron 19DE965E 1572 1618,0
92.0,Dudley,Robert,8040A002,,,,1573,1649,,,,Mathematical instrument maker,,,,,,,,,,,,,,,,,,,,2741028A,,,,,,,,,,,,,,,,,,,F5079608,,,,,,,,,,,Dudley Robert 8040A002 1573 1649,0
93.0,Fludd,Robert,580212F6,,,,1574,1637,,,,Mathematical instrument maker,,,,,,,,,,,,,,,,,,,,,,,,,,,,,,,,,,,,,,,,,,,,,,,,,,Fludd Robert 580212F6 1574 1637,0
94.0,Oughtred,William,15A821CA,,,,1575,1660,,,,Mathematician,Author,,,,,,,,,,,,,,,,,,,E39AF204; A594A6D9,999F6511; 6D8C5EFE; 34241F0F,,,,,0BE283D4; 707C654A,,,,,,,,,,,,,,,,,,,,,5E88F0A5,,,Oughtred William 15A821CA 1575 1660,0
95.0,Tapp,John,BF2AA502,,,,,,1596,1631,,Teacher,Navigator,Author,,,,,,,,,,,,,,,,,,D784B9A6,,,,,,,,,,,,,,,,,,,,,,,,,,E5FFD65F,,,,Tapp John BF2AA502 nan nan,0
96.0,Wright,Benjamin,764BDC5F,,,,,,1596,1613,,Mathematical instrument maker,,,,,,,,,,,,,,,,,E9F785B0,,,,,,,,,,,,,,,,,,,,,,,,,,,,,,,,,Wright Benjamin 764BDC5F nan nan,0
97.0,Gascoyne,John,C8F85B99,,,,,,1597,,,Mathematical practitioner,,,,,,,,,,,,,,,,,,,,,,,,,,,,,,,,,,,,,,,,,,,,,,,,,,Gascoyne John C8F85B99 nan nan,0
98.0,Goodwyn,John,F4257A21,113,,Godwyn,,,1597,1600,,Mathematical practitioner,Mathematician,,,,,,,,,,,,,,,,,,,,,,,,,,,,,,,,,,,,,,,,,,,,BE2FF28E; 19DE965E; 66EFDA0B; A4D6F120,,,,,Goodwyn John F4257A21 nan nan,10
99.0,Reynolds,John,D8D6AC6F,75 [?],,,,,1599,1663,,Master of Mint,,,,,,,,,,,,,,,,,440C0FFD,,,"FD115CE0; 16C51BFA [probably], 6D215B3E [probably]",,,,,,,,,,,,,,,956E7AE7 [probably],,,,F4257A21,,,,,,A4D6F120,,,,,Reynolds John D8D6AC6F nan nan,5
100.0,Bedwell,William,932903F5,,,,,1632,,1632,,Parson,Mathematician,Translator,,,,,,,,,,,,,,,,,,,,,,,,,,,,,,,,,,,BC1C63D9,,,,,,,,,,,,,Bedwell William 932903F5 nan 1632,0
101.0,Smithson,Robert,26D26454,,,,,,1600,,,Surveyor,,,,,,,,,,,,,,,,,,,,,,,,,,,,,,,,,,,,,,,,,,,,,,,,,,Smithson Robert 26D26454 nan nan,11
102.0,Lewis,John,6DA0A13C,90,,,,1621,,1621,,Mathematical instrument maker,,,,,,,,,,,,,,,,,,,,,,,,,,,,,,,,,,,,,,,,,,,,,,,,,,Lewis John 6DA0A13C nan 1621,0
103.0,Speidell,John,B215AE56,,,,,,1600,1634,,Teacher,Mathematician,,,,,,,,,,,,,,,,,,,E39AF204; 959C4301,,,,,,,,,,,,,,,,,,,,,,,,,,19DE965E,,,,Speidell John B215AE56 nan nan,0
104.0,Harflete,Henry,CD4FAB5F,,,,1580,1656,,,,Mathematical practitioner,Astrologer,,,,,,,,,,,,,,,,,,,,91E2BA2F; 9E3995A6,,,,,,,,,,,,,,,,,,,,,,,,,,,,,Harflete Henry CD4FAB5F 1580 1656,0
105.0,Smithson,John,FD115CE0,,,,1580,1631,,,,Hydrographer,,,,,,,,,,,,,,,,,,,,D8D6AC6F; 6E152681; ACED1790; EB3B4BFF,,,,,,,,,,,,,,,,,,,,,,,,,,,,,,Smithson John FD115CE0 1580 1631,12
106.0,Gunter,Edmund,707C654A,,,,1581,1626,,,,Teacher,Astronomer,Author,,,,,,,,,,,,,,,,,,,,,,,,15A821CA,,,,,,,,08C47AD0,,,,,,,,,,,6D8C5EFE; 3A2E7036,,,,,Gunter Edmund 707C654A 1581 1626,0
107.0,Johnson,John,16B1344A,,,,1602,1657,,,,Surveyor,Mathematical practitioner,,,,,,,,,,,,,,,,,,,,,,,,,,,,,,,,,,,,,,,,,,,,,19DE965E; 5A46BCD7; E5FFD65F,,,,Johnson John 16B1344A 1602 1657,0
108.0,Bainbridge,John,50624E75,,,,1582,1643,,,,Astronomer,Teacher,,,,,,,,,,,,,,,,,,,,363253E9; 0BE283D4,,,,,,,,,,,,,,,,,,,,,,,,,,,,,Bainbridge John 50624E75 1582 1643,0
109.0,Johnson,Thomas,8D136BDA,,,,,,1603,1608,,Surveyor,,,,,,,,,,,,,,,,,,,,,,,,,,,,,,,,,,,,,,,,,,,,,,,,,,Johnson Thomas 8D136BDA nan nan,0
110.0,Smith,Robert,7502B758,,,,,,1604,,,Mathematical Practitioner,Mathematical instrument maker,,,,,,,,,,,,,,,,,,,,,,BD8F30FC,,,,,,,,,,,,,,,,,,,,,,6E152681,,,,,Smith Robert 7502B758 nan nan,11
111.0,Bretnor,Thomas,33379739,,,,,,1605,1619,,Teacher,Astrology,Mathematician,,,,,,,,,,,,,,,,,,959C4301; E39AF204; 19DE965E; 707C654A; BE2FF28E,,,,,,,,,,,,,,,,,,,,,,,,,,,,,,Bretnor Thomas 33379739 nan nan,0
112.0,Allen,Elias,E39AF204,17,,,,,1606,1654,,Mathematical Instrument maker,,,,,,15A821CA; B215AE56; BE2FF28E,,,,,,,,,,,959C4301,,,,C8FFB168; 33379739; A2DD08BC; 5E88F0A5; 3A2E7036; 707C654A; 2A054809; BE2FF28E; F876794F; 15A821CA; E5FFD65F; 19DE965E; B215AE56; 440C0FFD,,,,,,,,,,,,,,,,,,,,,,,,19DE965E; A2DD08BC; 3A2E7036; E5FFD65F,E5FFD65F,,,5E88F0A5,Allen Elias E39AF204 nan nan,0
113.0,Pond,Edward,8F5E7CD2,5553,,,,,1606,1613,,Teacher,Mathematician,,,,,,E9F785B0,,,,,,,,,,,,,E9F785B0,,,,,,,,,,,,,,,,,,,,,,,,,,,,,,Pond Edward 8F5E7CD2 nan nan,0
114.0,Wells,John,3244B04C,,,,,,1606,1635,,Mathematical Practitioner,,,,,,,,,,,,,,,,,,,,0BE283D4; 707C654A; 08C47AD0,,,,,,,,,,,,,,,,,,,,,,,,,08C47AD0,,,,,Wells John 3244B04C nan nan,0
115.0,Tindall,Robert,F06127C7,,,,,,1607,1609,,Mathematical Practitioner,,,,,,,,,,,,,,,,,,,,,,,,,,,,,,,,,,,,,,,,,,,,,,,,,,Tindall Robert F06127C7 nan nan,0
116.0,Atwell,George,C8FFB168,,,,1588,1659,,,,Surveyor,Author,Teacher,,,,,,,,,,,,,,,,,,E39AF204; 959C4301; 4C2EB09C; 14A60FA0; 8352B776; D226C5D0,BF2AA502,,,,,,,,,,,,,,,,,,,,,,,,,,,,,Atwell George C8FFB168 1588 1659,0
117.0,Folkingham,William,2E5AD194,,,,,,1609,1610,,Surveyor,Author,,,,,,,,,,,,,,,,,,,,,,,,,,,,,,,,,,,,,,,,,,,,,,,,,Folkingham William 2E5AD194 nan nan,13
118.0,Hopton,Arthur,BE2FF28E,,,,1588,1614,,,,Surveyor,Mathematical practitioner,,,,,,,,,,,,,,,,,,,33379739; 623A13C1; EB857C4B,,,,,,,,,,,,,,,,,,,,,,,,,13B4485E,,,,,Hopton Arthur BE2FF28E 1588 1614,0
119.0,Senior,William,DB55A443,,,,,,1609,1641,,Teacher,Mathematical practitioner,,,,,,,,,,,,,,,,,,,,,,,,,,,,,,,,,,,,,,,,,,,,,,,,,Senior William DB55A443 nan nan,0
120.0,Tooke,Christopher,97E827A4,463,,,,,1609,,,Mechanic,Astronomer,Mathematical Practitioner,,,,09E8D01D,,,,,,,,,,,,,,,,,,,,,,,,,,,,,,,,,,,,,,,,,,,09E8D01D,Tooke Christopher 97E827A4 nan nan,0
121.0,Thompson,John,959C4301,91,,Tompson,,,1609,1648,,Mathematical Instrument maker,,,,,,B215AE56,,,,,,,,,,,623A13C1 [probably]; E9F785B0 [probably],,,,E39AF204; BE2FF28E; C8FFB168; A2DD08BC; 33379739; B215AE56; 3A2E7036,,,,,,,,,,,,,3D00AE83; E5EB47C0,,,,,,,,,,,19DE965E; A2DD08BC; 3A2E7036; E5FFD65F,E5FFD65F,,,,Thompson John 959C4301 nan nan,0
122.0,Delamain,Richard,5E88F0A5,,,,,,1610,1645,,Teacher,,,,,,,,,,,,,,,,,,,,15A821CA; 466F790E,959C4301,,,,,,,,,,,,,,,,,,15A821CA,,,,,,,,78E82499,,,Delamain Richard 5E88F0A5 nan nan,0
123.0,Norwood,Richard,AFF7406D,,,,1590,1675,,,,Teacher,Author,Surveyor,,,,,,,,,,,,,,,,,,EAC9C746,,,,,,,,,,,,,,,,,,,,,,,,,C10627C5,,,,,Norwood Richard AFF7406D 1590 1675,0
124.0,Cavendish,Charles,4E131C09,,,,1591,1652,,,,Mathematician,,,,,,,,,,,,,,,,,,,,15A821CA; D3CFF6B9; 6D8C5EFE,09E8D01D; 77FB7497; 30927975,,,,,,,,,,,,,,,,,,,7E18E83F; 6D8C5EFE,,,,,EB857C4B,,,,,Cavendish Charles 4E131C09 1591 1652,0
125.0,Daniell,John,355BC18A,,,,,,1612,1642,,Mapper,,,,,,,,,,,,,,,,,,,,,,,8040A002,,,,,,,,,,,,,,,,,,,,,,,,,,,Daniell John 355BC18A nan nan,14
126.0,Handson,Ralph,17FCC56A,,Raphe,,,,1612,1630,,Teacher,Translator,,,,,,,,,,,,,,,,,,,0BE283D4; 19DE965E,,,,,,,,,,,,,,,,,,,0BE283D4,,,,,,,,,,,Handson Ralph 17FCC56A nan nan,0
127.0,Browne,Daniel,A2DD08BC,5554,,,,,1614,1634,,Teacher,Surveyor,,,,,,,,,,,,,,,,,,,,,,,,,,,,,,,,,,,,,,,,466F790E [possibly],,,,,,,,,Browne Daniel A2DD08BC nan nan,0
128.0,Gilden,George,3A2E7036,,,,,,1614,1631,,Mathematical Practitioner,,,,,,,,,,,,,,,,,,,,707C654A; 959C4301; E39AF204,,,,,,,,,,,,,,,,,,,,,,,,,,,,,,Gilden George 3A2E7036 nan nan,0
129.0,Marr,John,EBB936B8,468,,Mair,,,1614,1647,,Mathematical Practitioner,Mathematician,,,,,,,,,,,,,,,,E39AF204; 08C47AD0,,,0BE283D4,6D8C5EFE,,,,,,,,,,,,,7E0DD0BA,,,,,,,,,,,,,,,,Marr John EBB936B8 nan nan,15
130.0,Burgis,Robert,F44DD406,,,Bruges,,,1615,1618,,Surveyor,,,,,,,,,,,,,,,,,,,,,19DE965E,,,,,,,,,,,,,,,,,,,,,,,19DE965E,,,,,,Burgis Robert F44DD406 nan nan,0
131.0,Keane,John,1AD4CB6F,,,,,,1615,,,Teacher,Mathematical practitioner,,,,,,,,,,,,,,,,,,,,,,,,,,,,,,,,,,,,,,,,,,,,,,,,,Keane John 1AD4CB6F nan nan,0
132.0,Potter,Francis,1FC482D9,,,,1594,1678,,,,Mathematical Instrument maker,Mathematical practitioner,,,,,,,,,,,,,,,,,,,,,,,,,,,,,,,,,,,,,,,,,,,,,,,,,Potter Francis 1FC482D9 1594 1678,0
133.0,Hall,Francis,D3492F8C,,,Line,1595,1675,,,,Teacher,Mathematical instrument maker,,,,,,,,,,,,,,,,,,,,,,,,,,,,,,,,,,,,,,,,,,,,,,,,,Hall Francis D3492F8C 1595 1675,0
134.0,n/a,n/a,CDA063A1,,,,,,,,,,,,,,,,,,,,,,,,,,,,,,,,,,,,,,,,,,,,,,,,,,,,,,,,,,,n/a n/a CDA063A1 nan nan,16
135.0,Pratt,William,3CB11061,,,,,,1616,1624,,Mathematical Practitioner,,,,,,,,,,,,,,,,,,,,,33379739; 16B1344A; 19DE965E,,,,,,,,,,,,,,,,,,19DE965E [possibly],,,,,,,,,,,Pratt William 3CB11061 nan nan,0
136.0,Holland,Richard,8D6D68F4,,,,1596,1677,,,,Teacher,Mathematical practitioner,,,,,,,,,,,,,,,,,,,,,,,,,,,,,,,,,F30CDEC7,,,,,,,,,,,,,,,,Holland Richard 8D6D68F4 1596 1677,0
137.0,Wingate,Edmund,4C2EB09C,,,,1596,1656,,,,Teacher,Surveyor,Author,,,,,,,,,C5F12060,,,,,,,,,C5F12060; C8FFB168; D226C5D0,,,,,,,,,,,,,,,,,,,,,,,,,,E5FFD65F,,,,Wingate Edmund 4C2EB09C 1596 1656,0
138.0,Gellibrand,Henry,08C47AD0,,,,1597,1636,,,,Astronomer,Surveyor,,,,,,,,,,,,,,,,,,,0BE283D4; 3244B04C; EBB936B8,,,,,,,,,,,,,,,,,,,,,,,,,,,,,,Gellibrand Henry 08C47AD0 1597 1636,0
139.0,Foster,Samuel,C5F12060,,,,,1652,1619,1652,,Astronomer,Mathematical instrument maker,,,,,,,,,,,,,,,,,,,A359F057; D3CFF6B9; 4C2EB09C; D226C5D0,1F967A6B,,,,,,,,,,,,,,,,,,,,,,,,,,,,,Foster Samuel C5F12060 nan 1652,0
140.0,Sterne,Thomas,D784B9A6,93,,,,,1619,1631,,Globe-maker,Mathematical practitioner,,,,,,,,,,,,,,,,,,,,BF2AA502,,,,,,,,,,,,,,,,,,,,,,,,,,,,,Sterne Thomas D784B9A6 nan nan,0
141.0,Gorse,Nathaniel,F22DB4AA,94,,Gosse,,,1620,1631,,Mathematical instrument maker,,,,,,,,,,,,,,,,,,,,,A2DD08BC,,,,,,,,,,,,,,,,,,,,,,,,A2DD08BC,,,,,Gorse Nathaniel F22DB4AA nan nan,0
142.0,Marlow,Michael,196E76E2,113,,,,,1620,1695,,Mathematical instrument maker,,,,,,,,,,,,,58D69031,,,,,,,,,,,,,,,,,,,,,,,,,,,,,,,,,,,,,Marlow Michael 196E76E2 nan nan,0
143.0,Milburne,William,22CA46F6,,,,,,1620,1643,,Mathematical instrument maker,,,,,,,,,,,,,,,,,9E3995A6; F876794F,,,,,,,,,,,,,,,,,,,,,,,,,,,,D226C5D0,,,,,Milburne William 22CA46F6 nan nan,0
144.0,Bond,Henry,77FB7497,,,,1600,1678,,,,Teacher,Mathematical Practitioner,Mathematician,,,,,,,,"B84AE67B, 85675A6F; 5EB6615E",BF2AA502,,,,,,"B84AE67B, 85675A6F",,,,,,5EB6615E,,,,,,,,,,,70ACDB68,,,,,,,,,,,4E131C09,,,,,Bond Henry 77FB7497 1600 1678,0
145.0,Staynred,Philip,5EDC16A2,1010,,Standridge,,,1621,1669,,Mathematical Practitioner,,,,,,,,,,,,,,,,,,,,,F09C1579,,,,,,,,,,,,,,,,,,,,,,,,F09C1579,,,,,Staynred Philip 5EDC16A2 nan nan,0
146.0,Norris,Richard,9B13DF59,,,,,,1622,1686,,Teacher,Navigator,,,,,,,,,,,,,,,,,,,,A5721925; C49CB32A; B1DFB24F,,,,,,C49CB32A,,,,,,,,,,,,,,,,,,,,,,,Norris Richard 9B13DF59 nan nan,0
147.0,Greaves,John,521BD27D,,,,1602,1652,,,,Navigator,,,,,,,,,,,,,,,,,,,,0BE283D4; 50624E75,,,,,,,,,,,,,,,,,,,,,,,,,,,,,,Greaves John 521BD27D 1602 1652,0
148.0,Aspley,John,0578E9A9,,,,,,1624,,,Mathematical Practitioner,Author,Astronomer,,,,,,,,,,,,,,,,,,,,,,,,,,,,,,,,,,,,,,,,,,,,,,,,Aspley John 0578E9A9 nan nan,0
149.0,Partridge,Seth,E5FFD65F,,,,1603,1686,,,,Surveyor,Mathematical practitioner,,,,,,,,,,,,,,,,,,,,,,61A05D58,,,,,,,,,,,,,,,,,,,,,,,,,,,Partridge Seth E5FFD65F 1603 1686,0
150.0,B.,E.,F8CEB9BF,,,,,,1625,,,Mathematical instrument maker,,,,,,,,,,,,,,,,,,,,,,,,,,,,,,,,,,,,,,,,,,,,,,,,,,B. E. F8CEB9BF nan nan,0
151.0,Osborne,George,D9111655,,,,,,1625,1628,,Teacher,Navigator,,,,,,,,,,,,,,,,,,,,,,,,,,,,,,,,,,,,,,,,,,,,,,,,,Osborne George D9111655 nan nan,0
152.0,Bate,John,EB3B4BFF,,,Bates,,,1626,,,Mathematical instrument maker,Author (?),,,,,,,,,,,,,,,,,,,74E127C9 [possibly],,,,,,,,,,,,,,,,,,,,,,,,,FD115CE0,,,,,Bate John EB3B4BFF nan nan,0
153.0,Kaltoff,Caspar,0991F826,,,,,,1626,1664,,Mechanic,,,,,,,,,,,,,,,,,,,,,,,,,,,,,,,,,,,,,,,,,,,,,,,,,,Kaltoff Caspar 0991F826 nan nan,0
154.0,Brown,Thomas,466F790E,97,,Browne,,,1627,1653,,Mathematical instrument maker,,,,,,22CA46F6,,,,,,,,,,,,,,,A552114F,,77FB7497,,,,,,,,,,A2DD08BC; E5FFD65F,,,,,,,,,,,,A2DD08BC; E5FFD65F; 5E88F0A5; 9F4A0E80; 15A821CA; D226C5D0; D83543CE; 2C81056A,E5FFD65F,,,,Brown Thomas 466F790E nan nan,0
155.0,Chamberlaine,Joseph,13B4485E,,,,,,1627,1628,,Mathematical Practitioner,Almanack maker,,,,,,,,,,,,,,,,,,,,,,,,,,,,,,,,,,,,,,,,,,,,,,,,,Chamberlaine Joseph 13B4485E nan nan,0
156.0,Noble,Nathan,B8DF8BF4,467,,,,,1627,,,Mathematical instrument maker,,,,,,,,,,,,,,,,,,,,,,,,,,,,,,,,,,,,,,,,,,,,,A2DD08BC,,,,,Noble Nathan B8DF8BF4 nan nan,0
157.0,Saltonstall,Charles,ACED1790,,,,,,1627,1665,,Teacher,Navigator,,,,,,,,,,,,,,,,,,,FD115CE0,,,,,,,,,,,,,,,,,,,,FD115CE0,,,,,503534C7,,,,,Saltonstall Charles ACED1790 nan nan,0
158.0,Woode,John,DCA6EC9F,98,,,,,1627,,,Mathematical Practitioner,,,,,,,,,,,,,,,,,,,,,,,,,,,,,,,,,,,,,,,,,,,,,,,,,,Woode John DCA6EC9F nan nan,17
159.0,Fairly,Robert,18117175,,,,,,1628,,,Teacher,,,,,,,,,,,,,,,,,,,,,,,,,,,,,,,,,,,,,,,,,,,,,,,,,,Fairly Robert 18117175 nan nan,0
160.0,Hollar,Wenceslaus,B5AA83D3,,,,1607,1677,,,,Surveyor,Author,,,,,,,,,,,,,,,,2070758A; 559ACE92,,,,,,,,,,,,,,,,,,,,,,,,,,,,,,,,,Hollar Wenceslaus B5AA83D3 1607 1677,0
161.0,King,Gregory Snr.,0C457567,,,,,,1628,1682,,Surveyor,Diallist,,,,,,,,,,,,,,,,,,,,,,,,,,,,,,,,,,,,,,,,,,,,,,,,,King Gregory Snr. 0C457567 nan nan,0
162.0,Twysden,John,D3CFF6B9,,,,,,1607,1688,,Author,Mathematical practitioner,Astronomer,,,,,,,,,,,,,,,9F4A0E80,,,A359F057; C5F12060;,E39AF204; 15A821CA,,,,,,,,,,,,,,,,,,,,,,,,,,,,,Twysden John D3CFF6B9 nan nan,0
163.0,Bleyghton,John,A552114F,99,,"Blaton, Bladon",,,1630,1634,,Mathematical instrument maker,,,,,,466F790E,,,,,,,,,,,,,,,,,,,,,,,,,,,,,,,,,,,,,,,A2DD08BC,A2DD08BC,,,,Bleyghton John A552114F nan nan,0
164.0,Forster,William,78E82499,,,,,,1630,1674,,Mathematical Practitioner,,,,,,,,,,15A821CA,,,,,,,,,,15A821CA; D226C5D0,,,,,,,,,,,,,,,,,,,15A821CA,,,,,,,,,,15A821CA,Forster William 78E82499 nan nan,0
165.0,Wybard,John,440C0FFD,,,,,,1630,1674,,Mathematical Practitioner,,,,,,,,,,,,,,,,,8750B48F; D8D6AC6F,,,,,,14A60FA0,,,,,,,,,,D226C5D0,,,,,,,,,,,,,,,,,Wybard John 440C0FFD nan nan,18
166.0,Burley,Richard,70ACDB68,,,,,,1631,1661,,Teacher,,,,,,,,,,,,,,,,,,,,,,,,,,,,,,,,,,,,,,,,,,,,,,,,,,Burley Richard 70ACDB68 nan nan,0
167.0,Melbourne,Richard,E85DD30E,100,,,,,1631,,,Mathematical instrument maker,,,,,,,,,,,,,,,,,,,,,,,,,,,,,,,,,,,,,,,,,,,,,,,,,,Melbourne Richard E85DD30E nan nan,0
168.0,Palmer,John,A359F057,5585 [?],,,,,1631,1672,,Astronomer,,,,,CB9CD004,,,,,,E9F785B0,,,,,,,,,C5F12060; D3CFF6B9,3D00AE83,,,,,,,,,,,,,,,,,,C5F12060; D3CFF6B9,,,,,,,,,,,Palmer John A359F057 nan nan,0
169.0,Wakely,Andrew,B72F5F25,103,,Wakerly,,,1631,1665,,Mathematical instrument maker,Author,,,,,,,,,,,,,,,,,,,,,,05885B4B,,,,,,,,,,,CAE896FF,,,,,,,,,,,,,,,,Wakely Andrew B72F5F25 nan nan,0
170.0,Wilsford,Thomas,A2DED95E,,,Willsford,1610,,1660,,,Teacher,Author,,,,,,,,,,,,,,,,,,,,,,,,,,,,,,,,,,,,,,,,,,,,,,,,,Wilsford Thomas A2DED95E 1610 nan,0
171.0,Allen,John,FD915BAA,106,,,,,1632,1637,,Instrument Maker,,,,,,,,,,,,,,,,,,,,,,,,,,,,,,,,,,,,,,,,,E39AF204 [possibly],,,,5E88F0A5,,,,5E88F0A5,Allen John FD915BAA nan nan,0
172.0,Daniell,W,7D741E6A,480,,,,,1632,1670,,Mathematical instrument maker,,,,,,,,,,,,,,,,,,,,,,,,,,,,,,,,,,,,,,,,,,,,,,,,,,Daniell W 7D741E6A nan nan,0
173.0,Pell,John,6D8C5EFE,,,,,,1611,1685,,Author,,,,,,,,,,,,,,,,,,,,4C2EB09C; 08C47AD0; EBB936B8; 4E131C09,,,77FB7497,,,,,,,,,,,,,,,,,,,,,,0BE283D4: 7E18E83F,,,,,Pell John 6D8C5EFE nan nan,0
174.0,S.,R.,BD8F30FC,,(Robert?),(Smith?),,,1632,1634,,Mathematical instrument maker,,,,,,,,,,,,,,,,,,,,,,,7502B758,,,,,,,,,,,,,,,,,,,,,,,,,,,S. R. BD8F30FC nan nan,0
175.0,Bassett,John,5EB6615E,,,,,,1633,,,Teacher,,,,,,,,,,,,,,,,,,,,,,,,,,,,,,,,,,,,,,,,,,,,,,,,,387CA997 [possibly],Bassett John 5EB6615E nan nan,0
176.0,Gascoigne,William,30927975,,,,1612,1644,,,,Mathematician,Mathematical practitioner,,,,,,,,,,,,,,,,,,,,15A821CA; 4E131C09,,,,,,,,,,,,,,,,,,,,,,,,F876794F,,,,,Gascoigne William 30927975 1612 1644,0
177.0,Dary,Michael,16C51BFA,,,,1613,1679,,,,Mathematical Practitioner,Teacher,,,,,,,,,,,,,,,,,,,6D215B3E; A5721925,,,,,,,,,,,,,,,,,,,,,D8D6AC6F,77FB7497,,,2A054809; F876794F,,,,,Dary Michael 16C51BFA 1613 1679,0
178.0,Highmore,Nathaniel,4F2BF28E,,,Heighmore,1613,1685,,,,Philosopher,Mathematical practitioner,,,,,,,,,,,,,,,,,,,,,,,,,,,,,,,,,,,,,,,,,,,,FF0D3115,,,,,Highmore Nathaniel 4F2BF28E 1613 1685,0
179.0,Liddel,Duncan,E045341F,,,,,1637,1634,1637,,Teacher,,,,,,,,,,,,,,,,,,,,,,,,,,,,,,,,,,0D7BF206,,,,,,,,,,,,,,,,Liddel Duncan E045341F nan 1637,0
180.0,Babington,John,74E127C9,,,,,,1635,,,Author,,,,,,,,,,,,,,,,,,,,EB3B4BFF [possibly],,,,,,,,,,,,,,,,,,,,,,,,,,,,,,Babington John 74E127C9 nan nan,0
181.0,Wilkins,John,1F967A6B,,,,1614,1672,,,,Royal Society Founder,Mathematical practitioner,,,,,,,,,,,,,,,,,,,,C5F12060,,,,,,,,,,,,,,,,,,,,,,,,8352B776,,,,,Wilkins John 1F967A6B 1614 1672,0
182.0,Hartwell,Robert,EAB99861,,,,,,1636,,,Teacher,,,,,,,,,,,56D20427,,,,,,,,,,,,,,,,,,,,,,,,,,,,,,,,,,,,,,,Hartwell Robert EAB99861 nan nan,0
183.0,Hill,Thomas,16B9A14A,108,,,,,1635,1636,,Mathematical instrument maker,,,,,,,,,,,,,,,,,,,,,,,,,,,,,,,,,,,,,,,,,,,,,,,E39AF204,,,Hill Thomas 16B9A14A nan nan,2
184.0,Sutton,Baptist,8750B48F,109,,,,,1636,1653,,Mathematical instrument maker,,,,,,,,,,,,,,,,,,,,440C0FFD,,,,,,,,,,,,,,,,,,,,,E7468A32 [probably]; 758DACE0,,,,,,,,,Sutton Baptist 8750B48F nan nan,0
185.0,Kersey,John,CC5FC39F,,,,1616,1677,,,,Surveyor,Teacher,,,,,,,,,,,,,,,,,,,4C2EB09C,6D215B3E,,,,,,,,,,,,,,,,,,,,,,,,,,,,,Kersey John CC5FC39F 1616 1677,0
186.0,Oliver,John,631B4C6D,,,,1616,1701,,,,Surveyor,Glass-stainer,,,,,,,,,,,,,,,,,,,,2A054809,,,,,,,,,,,,,,,,,,,,,,,,,,,,E4CE98D5,Oliver John 631B4C6D 1616 1701,0
187.0,Scarburgh,Charles,999F6511,,,,1616,1694,,,,Physician,Teacher,,,,,,,,,,,,,,,,,,,,34241F0F; F876794F,15A821CA,,,,,,,,,,,,,,,,,,,,,,,,,,,,Scarburgh Charles 999F6511 1616 1694,0
188.0,Sutton,Henry,E7468A32,110,,,,1665,1637,1665,,Mathematical instrument maker,,,,,,,,,,,,,,,,,,,,,C49CB32A; EAC9C746,,,,,,,,,,,,,E62F6379,,,,,,,8750B48F,,,,6D215B3E,,,,,Sutton Henry E7468A32 nan 1665,0
189.0,Yarranton,Andrew,AA9F8312,,,,1616,1684,,,,Mathematical Practitioner,Economist,,,,,,,,,,,,,,,,,,,,,,,,,,,,,,,,,,,,,,,,,,,,,,,,,Yarranton Andrew AA9F8312 1616 1684,0
190.0,Tompson,Anthony,3D00AE83,111,,Thompson,,1665,1638,1665,,Mathematical instrument maker,,,,,C5F12060,7B441220;,,,,,,,C675DA52,,,,,,,A359F057; 6D215B3E,6D8C5EFE; EB485A78,,,,,,,,,,,,,55CE0C92,959C4301,,,,,,,,,,E5FFD65F; A359F057,E5FFD65F,,,C5F12060; 2A054809; 34241F0F; D226C5D0,Tompson Anthony 3D00AE83 nan 1665,0
191.0,Wharton,George,9E3995A6,,,,1617,1681,,,,Astrologer,Mathematical instrument maker,,,,,,,,,,,,,,,,,,,,EE2D6553; 2A054809; F876794F,,,,,,,,,,,,,,,,,,22CA46F6,16C51BFA,,,,,,,,,,Wharton George 9E3995A6 1617 1681,0
192.0,Nye,Nathaniel,58A3D716,,,,1624,,1640,1670,,Astronomer,Mathematical practitioner,,,,,,,,,,,,,,,,,,,,C5F12060,,,,,,,,,,,,,,,,,,,,,,,,,,,,,Nye Nathaniel 58A3D716 1624 nan,0
193.0,De Gomme,Bernard,85DA8ADE,,,,,,1644,1669,,Engineer,,,,,,,,,,,,,,,,,,,,,,,,,,,,,,,,,,,,,,,,,,,,,,,,,,De Gomme Bernard 85DA8ADE nan nan,0
194.0,Marr,William,7E0DD0BA,112,,,,,1640,1684,,Mathematical instrument maker,surveyor,,,,,,,,,,,,,,,,,,,,2A054809; 9DD2A6EE,,,,,,,,,,,,,,,,,,,,EBB936B8,,,,,,,,,Marr William 7E0DD0BA nan nan,0
195.0,Mercator,Nicholas,03695484,,,,,,1640,1687,,Teacher,Mathematical practitioner,,,,,,,,,,,,,,,,,,,6D8C5EFE,,,,,,,,,,,,,,,,,,,,,,,,,,2A054809,,,,Mercator Nicholas 03695484 nan nan,0
196.0,Rice,Thomas,980DD584,,,,,,1640,1660,,Mathematical Practitioner,Diallist,,,,,,,,,,,,,,,,,,,,,,,,,,,,,,,,,,,,,,C5F12060,,,,,,6D215B3E,,,,,Rice Thomas 980DD584 nan nan,0
197.0,Wing,Vincent,14A60FA0,,,,1619,1668,,,,Surveyor,Astrologer,Mathematical Practitioner,,,,,,,,C8FFB168,,,,,,,D226C5D0,,,D226C5D0; 999F6511; 6D8C5EFE; 4C2EB09C; 440C0FFD; C8FFB168; 6D215B3E; 42AB8E54; A5721925,51866F7F,,,,,,,,,,,,,E9CC1C68,,,,,,,,,,,EAC9C746; 05885B4B,,,,,Wing Vincent 14A60FA0 1619 1668,19
198.0,Morgan,Sylvanus,42AB8E54,,,,1620,1693,,,,Surveyor,,,,,,,,,,,,,,,,,,,,14A60FA0; D226C5D0,,,,,,,,,,,,,,,,,,,,,,,,,,,,,,Morgan Sylvanus 42AB8E54 1620 1693,0
199.0,Reeves,Richard,EB485A78,150,,,,,1641,1679,,Mathematical instrument maker,,,,,9BD25FEB,,,,,,,,,,,,F3E2C1D1,,,EAC9C746,2A054809,,,,,,,,91E2BA2F,,,,,,,,,,,,,,,,E3F73EF5,,,,6D8C5EFE; 9BD25FEB,Reeves Richard EB485A78 nan nan,0
200.0,Bissaker,Robert,61A05D58,56,,,,,1642,1654,,Mathematical instrument maker,,,,,,,,,,,,,,,,,,,,,,,,,,,,,,,,,,,,,,,,,,,,,77FB7497,,,,,Bissaker Robert 61A05D58 nan nan,20
201.0,Flower,Thomas,947E08E8,119,,,,,1642,,,Mathematical instrument maker,,,,,,,,,,,,,,,,,,,,,,,,,,,,,,,,,,CAD7381D,,,,,,,,,,,77FB7497,,,,,Flower Thomas 947E08E8 nan nan,7
202.0,Strode,Thomas,5CCBBFA7,,,,,,1642,1697,,Dialist,Teacher,Author,,,,,,,,,,,,,,,,,,9BD25FEB,6D215B3E,,,,,,,,,,,,,,,,,,,,,,,,,,,,,Strode Thomas 5CCBBFA7 nan nan,0
203.0,Allestree,Richard,369E17F6,,,,,,1643,1651,,Author,Mathematical practitioner,,,,,,,,,,,,,,,,,,,,,,,,,,,,,,,,,,,,,,,,,,,,,,,,,Allestree Richard 369E17F6 nan nan,0
204.0,Button,Ralph,2694BF4E,,,,,1680,1643,1680,,Teacher,,,,,,,,,,,,,,,,,,,,,,,,,,,,,,,,,,,,,,,,,,,,,,,,,,Button Ralph 2694BF4E nan 1680,0
205.0,Newton,John,96E2C387,,,,1622,1678,,,,Author,,,,,,,,,,,,,,,,,,,,,,,,,,,,,,,,,,,,,,,,,,,,,,,,,,Newton John 96E2C387 1622 1678,0
206.0,Streete,Thomas,EAC9C746,,,,1621,1689,,,,Mathematical Practitioner,Astrologer,Surveyor,,,,,,,,,,,,,,,,,,C49CB32A; EB485A78; 8352B776;AFF7406D,97587E93,8352B776,,,,,,,,,,,,,,,,,,,,,,,3E88C3B5; 05885B4B; D83543CE,,,,,Streete Thomas EAC9C746 1621 1689,0
207.0,Wilkinson,Thomas,F9D04922,,,,,,1643,,,Mathematical Practitioner,,,,,,,,,,,,,,,,,,,,,,,,,,,,,,,,,,,,,,,,,,,,,,,,,,Wilkinson Thomas F9D04922 nan nan,0
208.0,Wood,Robert,93B648B6,,,,1622,1685,,,,Mathematical Practitioner,,,,,,,,,,,,,,,,15A821CA,,,15A821CA,,2A054809,,,,,,,,,,,,,,,,,,,,,,,,,,,,,Wood Robert 93B648B6 1622 1685,0
209.0,Childrey,Joshua,91E2BA2F,,,,1623,1670,,,,Mathematical Practitioner,Schoolmaster,Author,,,,,,,,,,,,,,,,,,EAC9C746,CD4FAB5F; 9E3995A6,,,,,,,,,,,,,,,,,,,,,,,,,,,,,Childrey Joshua 91E2BA2F 1623 1670,0
210.0,Coggeshall,Henry,8C15E125,,,,1623,1690,,,,Mathematical Instrument maker,,,,,,,,,,,,,,,,,,,,,,,,,,,,,,,,,5135F3BF,,,,,,,,,,,,2C81056A,,,,,Coggeshall Henry 8C15E125 1623 1690,0
211.0,Martindale,Adam,AF2A48BB,,,,1623,1686,,,,Mathematical Practitioner,Author,,,,,,,,,,,,,,,,,,,,,,,,,,,,,,,,,,,,,,,,,,,,,,,,,Martindale Adam AF2A48BB 1623 1686,0
212.0,Power,Henry,FF0D3115,,,,1623,1668,,,,Philosopher,Mathematical Practitioner,,,,,,,,,,,,,,,,,,,,30927975; EE2D6553,,,,,,,,,,,,,,,,,,,,,,,,D2598F9E,,,,,Power Henry FF0D3115 1623 1668,0
213.0,Ratcliff,Thomas,0CA6F005,,,,,,1644,1684,,Navigator,,,,,,,,,,,,,,,,,,,,,,,,,,,,,,,,,,,,,,,,,,,,,,,,,,Ratcliff Thomas 0CA6F005 nan nan,0
214.1,Spong,John,D2598F9E,,,,1623,,1668,,,Mathematical Practitioner,,,,,,,,,,,,,,,,,FF0D3115 [possibly],,,,A594A6D9,,,,,,,,,,,,,,,,,,,,,,,,,,,,,Spong John D2598F9E 1623 nan,0
214.2,Washington,Abraham,7B9DCD26,120,,,,,1644,,,Mathematical Instrument maker,,,,,,,,,,,,,,,,,,,,,,,,,,,,,,,,,,,,,,,,,,,,,,,,,,Washington Abraham 7B9DCD26 nan nan,0
215.0,Collins,John,6D215B3E,,,,1625,1683,,,,Mathematician,,,,,,,,,,,,,,,,,,,,9BD25FEB; 16C51BFA,,,,,,,,,,,,,,,,,,,7E0DD0BA,,,,,,,069FF12A,,,7E0DD0BA,Collins John 6D215B3E 1625 1683,0
216.0,Comberford,Nicholas,09563F97,,,,,,1646,1666,,Mathematical Instrument maker,,,,,,,,,,,,,,,,,,,,,31189A48 [possibly],,,,,,,,,,,,,,,,,,,,,,,,,,,,,Comberford Nicholas 09563F97 nan nan,0
217.0,Flower,W.,01EC04A2,117,,,,,1646,,,Mathematical Instrument maker,,,,,,,,,,,,,,,,,,,,,,,,,,,,,,,,,,B608775A (possibly),,,,,,,,,,CAD7381D; 947E08E8,02FBE4D6,,,,,Flower W. 01EC04A2 nan nan,0
218.0,Greatorex,Ralph,A594A6D9,116,,,1625,1712,,,,Mathematical Instrument maker,,,,,,,,,,,,,88DC928F,,,,F876794F; A5721925,,,15A821CA,,,,,88DC928F,,,,,,,,,,,,,E39AF204,,,,,,,,,,,,Greatorex Ralph A594A6D9 1625 1712,0
219.0,Morland,Samuel,08FE9AE2,,,,1625,1696,,,,Engineer,Mathematical Instrument Maker,,,,,,,,,,,,,,,,,,,,,,,,,,,,,,,,,0691CBD5,,,,,,,,,,,C6A0949E,,2A054809,,,Morland Samuel 08FE9AE2 1625 1696,21
220.0,Clerke,Gilbert,4233224A,,,,1626,1697(?),,,,Teacher,Diallist,,,,,,,,,,,,,,,,,,,,,,,,,,,,,,,,,,,,,,,,,,,,,,,,,Clerke Gilbert 4233224A 1626 1697(?),0
221.0,Hubbard,Benjamin,71153586,,,,,,1647,1656,,Author,,,,,,,,,,,,,,,,,,,,,,,,,,,,,,,,,,,,,,,,,,,,,,,,,,Hubbard Benjamin 71153586 nan nan,0
222.0,Leybourne,William,D226C5D0,,,,1626,1716,,,,Mathematical Practitioner,Author,Surveyor,,,,,,,,96E2C387; 7B441220; AB737C5F,,,,,,,,,,14A60FA0; 4C2EB09C; C5F12060; C8FFB168; 78E82499,2A054809,,,,,,,,,,,,,,,,,,,,,,,,,,,,8AB47545,Leybourne William D226C5D0 1626 1716,22
223.0,Moxon,James (Jr. & Sr.),F92A6229,4305 [?],,,,,1647,1696,,Mathematical Practitioner,,,,,,,,,,,,,,,,,,,,,,,,,,,,,,,,,,,,8352B776,,,,,,,,,,,,,F794316D,Moxon James (Jr. & Sr.) F92A6229 nan nan,0
224.0,Brown,John,9F4A0E80,115,,,,,1648,1695,,Mathematical Instrument maker,Author,,,,,,,,,,,,,,,,,,,,E7468A32; CB9CD004,,,,,,,,,,,,,,466F790E,,,,,,,,,,E5FFD65F,E5FFD65F,,,,Brown John 9F4A0E80 nan nan,6
225.0,Brush,Thomas,FE2F15DB,,,,,,1643,1656,,Mathematical Practitioner,,,,,,,,,,,,,,,,,,,,,,,,,,,,,,,,,,,,,,,,,,,,,,,,,,Brush Thomas FE2F15DB nan nan,0
226.0,Bulmer,John,77409CA7,,,,,,1648,1658,,Engineer,Surveyor,,,,,,,,,,,,,,,,,,,,,,,,,,,,,,,,,,,,,,,,,,,,,,,,,Bulmer John 77409CA7 nan nan,0
227.0,Moore,Jonas,F876794F,,,,1627,1679,,,,Teacher,Author,Surveyor,,D6D298B5,,,,,,,,,,,,,A594A6D9,,,,15A821CA; 30927975; CD15AEF6; 97587E93; 3E88C3B5,,,,,,,,,,,,,,,,,,,,,,,E39AF204,,9E3995A6,,,,Moore Jonas F876794F 1627 1679,0
228.0,Moxon,Joseph,8352B776,127,,,1627,1700(?),,,,Mathematical Instrument maker,,,,,,,,,,,,,,,,,,EBC43A0B,,,,,,,,,,,,,,,,,,,,,,,,,,,EAC9C746,,,,,Moxon Joseph 8352B776 1627 1700(?),0
229.0,Phillippes,Henry,A4D6F120,,,,,,1648,1677,,Teacher,Author,,,,,,,,,,BF2AA502,,,,,,7E0DD0BA,,,,,,,,,,,,,,,,,,,,,,,,,,,,D226C5D0,,,,,Phillippes Henry A4D6F120 nan nan,0
230.0,Brookes,Christopher,88DC928F,126,,,,,1649,1651,,Mathematical instrument maker,,,,,,,,,,,,,,,,,,,,,1F967A6B,,,,,,,,,,,,,,,,,,,,,15A821CA,,,,,,,,Brookes Christopher 88DC928F nan nan,0
231.0,Halton,Imanuel,7B441220,,,,1628,1699,,,,Dialist,Mathematician,,,,,,,,,,,,,,,,,,,D226C5D0,97587E93,,,,,,,,,,,,,,,,,,,,,,,,,,,,,Halton Imanuel 7B441220 1628 1699,0
232.0,Holwell,John,529DDB0D,,,,,,1649,1696,,Astrologer,Diallist,Surveyor,Teacher,,,,,,,,,,,,,,,,,3E88C3B5,D226C5D0; 7E0DD0BA,,,,,,,,,,,,,,,,,,,,,,,,,,,,,Holwell John 529DDB0D nan nan,23
233.0,Shakerley,Jeremy,CD15AEF6,,,,,,1640,1653,,Astronomer,Author,,,,,,,,,,,,,,,,,,,AEE94D08; 14A60FA0; D226C5D0,F876794F,,,,,,,,,,,,,,,,,,,,,,,,,,14A60FA0; D226C5D0,,,Shakerley Jeremy CD15AEF6 nan nan,0
234.1,Billingsley,Robert,5631E8A3,,,,,,1649,1655,,Astrologer,Teacher,,,,,,,,,,,,,,,,,,,14A60FA0,,,,,,,,,,,,,,,,,,,,,,,,,,,,,,Billingsley Robert 5631E8A3 nan nan,0
234.2,B,P,A951D4FD,,,,,,1650,,,Mathematical Instrument maker,,,,,,,,,,,,,,,,,,,,,,,,,,,,,,,,,,,,,,,,,,,,,,,,,,B P A951D4FD nan nan,0
235.0,Persall,William,BB062703,,,Pearsall,,,1641,1667,,Author,Royal Society Fellow,Experimentalist,,,,,,,,,,,,,,,,,,,6D215B3E,,,,,,,,,,,,,,,,,,,,,,,,F876794F,,,,,Persall William BB062703 nan nan,0
236.0,Chatfield,John,C675DA52,5746,,,,,1650,,,Author,,,,,,,,,,,,,,,,,,,,,,,,,,,,,,,,,,,,,,,,,,,,,,,,,,Chatfield John C675DA52 nan nan,0
237.0,Flower,Christopher,CAD7381D,125,,,,,1650,,,Mathematical Instrument maker,,,,,,,,,,,,,,,,,,,,,,,01EC04A2,,,,,,,,,,,,,,,,,,,,,,,440C0FFD,,,,Flower Christopher CAD7381D nan nan,0
238.0,Herne,John (snr.),EF106925,6906,,,,,1650,1678,,Surveyor,Diallist,Mathematical instrument maker,,,,,,,,,,,,,,,,,,,,,,,,,,,,,,,,,,,,,,,,,,,,,,,,Herne John (snr.) EF106925 nan nan,24
239.0,Leake,John,A5721925,,,,,,1650,1686,,Mathematical Practitioner,Surveyor,,,,,,,,,,,,,,,,,,,,9F4A0E80,,C5F12060,,,,C49CB32A,,,,,,,99177FF4,,,,,,,,,,,8352B776; C6A0949E; F876794F;,,,,,Leake John A5721925 nan nan,0
240.0,Leake,Richard,79560C2C,,,,1629,1696,,,,Surveyor,Gunner,,,,,,,,,,,,,,,,,,,,,,,,,,,,,,,,,,,,,,,,,,,,,,,,,Leake Richard 79560C2C 1629 1696,1
241.0,Millet,Nicholas,F5E118F4,,,,,,1650,1670,,Mathematical Practitioner,,,,,,,,,,,,,,,,,,,,,,,,,,,,,,,,,,,,,,,,E4CE98D5,,,,,E4CE98D5; 6D8C5EFE,,,,,Millet Nicholas F5E118F4 nan nan,0
242.0,Morden,Robert,8AB47545,129,,,,,1650,1703,,Globe-maker,Mathematical practitioner,,,,,,,,,C49CB32A,,,,8EA64D1F,,,81A8E1DF,57F6F09D,,C49CB32A,,,,,,,C49CB32A,,,,,,,,,,,,,,,,,,,,,,,Morden Robert 8AB47545 nan nan,0
243.0,Read,John (Jnr.),E5EB47C0,121,,,,,1650,,,Mathematical Instrument maker,,,,,,,,,,,,,,,,,,,,,,,,,,,,,,,,,,,,,,,,,307B99DC,,,,,,,,,Read John (Jnr.) E5EB47C0 nan nan,0
244.0,Taylor,John,1388CAD3,,,,,,1650,1701,,Astrologer,Teacher,,,,,,,,,,,,,,,,,,,,,,,,,,,,,,,,,,,,,,,,,,,,,,,,,Taylor John 1388CAD3 nan nan,0
245.0,Hewlett,John,3F3A434D,,,,,,1651,1681,,Teacher,Diallist,,,,,,,,,,,,,,,,42AB8E54,,,42AB8E54,,,,,,,,,,,,,,,,,,,,,,,,,42AB8E54,,,,,Hewlett John 3F3A434D nan nan,0
246.0,Rowley,John,C7BD5CC1,,,,1630,,1665,,,Mathematical Practitioner,Astrologer,,,,,,,,,,,,,,,,,,,,14A60FA0; 16C51BFA [possibly],,,,,,,,,,,,,,,,,,,,,,,,,,,,,Rowley John C7BD5CC1 1630 nan,25
247.0,Sandford,Francis,2070758A,,,,1630,1694,,,,Mathematical Practitioner,Surveyor,,,,,,,,,,,,,,,,,,,,B5AA83D3,,42AB8E54,,,,,,,,,,,,,,,,,,,,,,,,,,,Sandford Francis 2070758A 1630 1694,0
248.0,Stirrup,Thomas,8967C2DC,242,,,,,1651,1659,,Diallist,Teacher(?),,,,,,,,,,,,,,,,,,,,,,85318186,,,,,,,,,,,,,,,,,,,,,,,,,,,Stirrup Thomas 8967C2DC nan nan,0
249.0,Ward,John,9ED5C71E,,,,,,1650,,,Surveyor,Teacher,,,,,,,,,,,,,,,,,,,,,,,,,,,,,,,,,,,,,,,,,,,,,,,,,Ward John 9ED5C71E nan nan,18
250.0,Bloxham,Richard,097BC7C3,123,,,,,1651,,,Mathematical instrument maker,,,,,,,,,,,,,,,,,,,,,,,,,,,,,,,,,,,,,,,,,,,,,,,,,,Bloxham Richard 097BC7C3 nan nan,0
251.0,Hayes,Walter,CB9CD004,122,,,,,1651,1692,,Mathematical Instrument maker,,,,,46DBD25B,440C0FFD; D226C5D0; C6A0949E,,,,,,,,,,,,,,,,,,,,,,,,,,,,,,,,,,,,,,,,C8FFB168,,,,Hayes Walter CB9CD004 nan nan,0
252.0,Corss,James,9D07C3FA,1947,,Corsse,,,1652,1694,,Mathematical Practitioner,Author,,,,,,,,,,,,,,,,,,,,,,,,,,,,,,,,,,,,,,E045341F,,,,,,,,,,,Corss James 9D07C3FA nan nan,0
253.0,Sliter,Robert,572FBD7F,,,,,,1652,1677,,Mathematical Practitioner,,,,,,,,,,,,,,,,,,,,,,,,,,,,,,,,,,,,,,,,,,,,,,,,,,Sliter Robert 572FBD7F nan nan,0
254.0,Sugar,John,EBC43A0B,131,,,,,1645,1653,,Globe-maker,Mathematical Instrument maker,,,,,,,,,,,,,,,,,8352B776,,,,,,,,,,,,,,,,,,,,,,,,,,,6D8C5EFE,,,,,Sugar John EBC43A0B nan nan,0
255.0,Atkinson,John,69E7F901,132,,,,1673,,,,Mathematical Instrument maker,,,,,,,,,,,,,,,,,,,,,,,,,,,,,,,,,,,,,,,,,,,,,,,,,,Atkinson John 69E7F901 nan 1673,0
256.0,Coulton,John,9A52B381,,,,,,1653,1654,,Mathematical Practitioner,,,,,,,,,,,,,,,,,,,,,,,,,,,,,,,,,,,,,,,,,,,,,,,,,,Coulton John 9A52B381 nan nan,26
257.0,Osborne,Henry,AEE94D08,,,Osburn,,,1653,1686,,Astronomer,Mathematician,,,,,,,,,,,,,,,,,,,CD15AEF6; 2A054809,,,,,,,,,,,,,,,,,,,,,,,,,3E88C3B5,,,,,Osborne Henry AEE94D08 nan nan,27
258.0,Pigot,Francis,E15BFC87,,,,,,1653,1666,,Mathematical Practitioner,,,,,,,,,,,,,,,,,,,,,,,,,,,,,,,,,,,,,,,,,,,,,,,,,,Pigot Francis E15BFC87 nan nan,0
259.0,Sutton,William,758DACE0,448,,,,,1653,1663,,Mathematical Instrument maker (?),,,,,,,,,,,,,,,,,,,,,,,,,,,,,,,,,,,,,,,,,E7468A32,,,,,,,,,Sutton William 758DACE0 nan nan,28
260.0,Wren,Christopher,34241F0F,,,,1632,1723,,,,Mathematical Instrument maker,Surveyor,Mathematical Practitioner,,,,,,,,,,,,,,,,,,,1F967A6B; 2A054809,F59E2CBC,,,,,,,,,,,,,,,,,,,,,,,,,,,,Wren Christopher 34241F0F 1632 1723,0
261.0,Bradford,John,95030EA2,134,,,,,1654,,,Mathematical instrument maker,,,,,,,,,,,,,,,,,,,,,,,D3CFF6B9,,,,,,,,,,,,,,,,,,,,,,,,,,,Bradford John 95030EA2 nan nan,0
262.0,Coley,Henry,05885B4B,,,,1633,1707,,,,Astrologer,School-Founder,Author,,,,,,,,,,,,,,,,,,89CC0754,,,,,,,,,,,,,89CC0754,,,,,,,,,,,,,,,,,Coley Henry 05885B4B 1633 1707,0
263.0,Eyre,John,0E0E8916,,,,,,1654,,,Mathematical Practitioner,Author,,,,,,,,,,,,,,,,,,,,CB9CD004,,,,,,,,,,,,,,,,,,,,,,,,,,,,,Eyre John 0E0E8916 nan nan,0
264.0,Sinclair,George,9E7ECE41,1025,,,,1696,1654,,,Teacher,Experimentalist,Philosopher (chair of),,,,,,,,,,,,,,,,,,,,,,,,,,,,,,,,,,,,,,,,,,,,,9BD25FEB,,,Sinclair George 9E7ECE41 nan 1696,29
265.0,Sturmy,Samuel,F09C1579,,,,1633,1669,,,,Surveyor,Diallist,Teacher,,,,,,,,,,,,,,,,,,D226C5D0; A4D6F120,5EDC16A2,,,,,,,,,,,,,,,,,,,,,,,,E3F73EF5,,,,,Sturmy Samuel F09C1579 1633 1669,0
266.0,Wynn,Henry,84E713D4,132,,Wynne,,,1654,1709,,Mathematical instrument maker,,,,,,,,,,,,,,,,,,,,2A054809,E39AF204,,,,,,,,,,,,,,,,,A594A6D9,,,,,,,,77FB7497,,,9BD25FEB,Wynn Henry 84E713D4 nan nan,0
267.0,Gadbury,Timothy,5A46BCD7,,,,,,1656,1661,,Teacher,,,,,,,,,,,,,57052DB4; E4CE98D5,,,,,,,,,,,,,,,,,,,,,,,,,,,,,,,,,,,,,Gadbury Timothy 5A46BCD7 nan nan,0
268.0,Serle,George,D0CC574B,,,,,,1656,1680,,Mathematical Practitioner,Author,,,,,,,,,,,,,,,,,,,,A5721925; 2A054809,,,,,,,,,,,,,,,,,,,,,,,,,,,,,Serle George D0CC574B nan nan,0
269.0,Harvey,Thomas,B22DF590,,,,,,1657,1663,,Mathematical practitioner,,,,,,,,,,,,,,,,,,,,6D215B3E; 77FB7497; 16C51BFA,E7468A32,,,,,,,,,,,,,,,,,,,,,,,,,,,,,Harvey Thomas B22DF590 nan nan,0
270.0,Hooke,Robert,2A054809,,,,1636,1703,,,,Mathematical practitioner,,,,,,,,AEE94D08; 999F6511,,,,,,,,,,,,1F967A6B; 34241F0F; 3E88C3B5,,999F6511; EAC9C746; 24CDA736; DE865BBA; AB737C5F; F59E2CBC; CB4409CA; 859852A4; 27B6266D; DC616E27; 8D299394,,,,9E3995A6,,,,A594A6D9,,,,,,,,,,,,,,,,,,,,Hooke Robert 2A054809 1636 1703,0
271.0,Hill,Matthew,ABD20295,,,,,,1658,,,Mathematical practitioner,,,,,,,,,,,,,,,,,A359F057,,,,,,,,,,,,,,,,,,,,,,,,,,,,,,,,,Hill Matthew ABD20295 nan nan,0
272.0,Lyon,John,32C31CA5,,,,,,1658,,,Teacher,,,,,,,,,,,,,,,,,,,,,,,,,,,,,,,,,,,,,,,,,,,,,,,,,,Lyon John 32C31CA5 nan nan,0
273.0,Seller,John (snr.),E4CE98D5,140,,,,,1658,1698,,Mathematical Instrument Maker,Teacher,Author,,,,,,7A54A59B; D95D3560,,,,,,,,,4EBCA9C4,,,,2A054809,,,,,,,,,,,,,7A54A59B,,,,,,,,,,,,5A46BCD7,,,,Seller John (snr.) E4CE98D5 nan nan,30
274.0,Shortgrave,Richard,9DD2A6EE,141,,,,,1658,1676,,Surveyor,Mathematical Instrument Maker,,,,,,,,,,,,,,,,2A054809; D226C5D0,,,,,,,,,,,,,,,,,0447A901,,,,,,,,,,,,,,,9BD25FEB,Shortgrave Richard 9DD2A6EE nan nan,0
275.0,Bolter,Hugh,DCF61218,142,,,,,1658,1674,,Mathematical Instrument Maker,,,,,,,,,,,,,,,,,,,,,,,,,,,,,,,,,,,,,,,,,,,,,,,,,2A054809,Bolter Hugh DCF61218 nan nan,0
276.0,Burston,John,31189A48,,,,,,1658,1666,,Hydrographer,,,,,,,,,,,,,,,,,,,,,,,09563F97,,,,,,,,,,,,,,,,,,,,,,,,,,,Burston John 31189A48 nan nan,0
277.0,Dansie,John,A571403C,,,Daunsie,,,1658,1670,,Mathematical practitioner,,,,,,,,,,,,,,,,,,,,,,,,,,,,,,,,,,,,,,,,,,,,,,,,,,Dansie John A571403C nan nan,14
278.0,Jager,Robert,4BAAD057,,,Jagger,,,1658,1660,,Teacher,,,,,,,,,,,,,,,,,,,,,,,,,,,,,,,,,,,,,,,,,,,,,,,,,,Jager Robert 4BAAD057 nan nan,0
279.0,Assheton,Richard,9DA43B50,143,,,,,1659,,,Mathematical Instrument maker,,,,,,,,,,,,,,,,,,,,,,,,,,,,,,,,,,,,,,,,,,,,,,,,,,Assheton Richard 9DA43B50 nan nan,0
280.0,Bernard,Edward,069FF12A,,,,1638,1696,,,,Teacher,Mathematical Practitioner,,,,,,,,,,,,,,,,,,,6D215B3E,,,,,,,,,,,,,,,,,,,,,,,,,,,,,,Bernard Edward 069FF12A 1638 1696,0
281.0,Cossinet,Francis,57052DB4,599,,,,,1659,,,Author,,,,,,,,,,5A46BCD7,,,,,,,,,,,,,,,,,,,,,,,,,,,,,,,,,,,,,,,,Cossinet Francis 57052DB4 nan nan,0
282.0,Gregory,James,9BD25FEB,,,,1638,1675,,,,Teacher,Mathematical Practitioner,,,,,,,,84E713D4; 378D043F,,,,,,,,,,,,6D215B3E,,,,,,,,,,,,,6AB00976,,,,,,,,,,,,,,,,Gregory James 9BD25FEB 1638 1675,0
283.0,Tompion,Thomas,B1DFB24F,144,,,1638,1713,,,,Mathematical practitioner,Mathematical Instrument Maker,,,,,,,2A054809,,,,,,,,,2A054809,,,,,,,,,,C49CB32A,C49CB32A,,,,,,A2D3B276,,,,,,,,,,,,,,,,Tompion Thomas B1DFB24F 1638 1713,0
284.0,Bedford,Hilkiah,DC974BAB,146,,,,,1660,1680,,Mathematical Instrument maker,,,,,,,,,,,,,,,,,6D8C5EFE,,,,,,,,,,,,,,,,15A821CA,,,,,,,,,,,,6D215B3E,,,,9BD25FEB; 6D215B3E,Bedford Hilkiah DC974BAB nan nan,0
285.0,Cock,Christopher,F3E2C1D1,147,,"Cox, Cocks",,,1660,1696,,Mathematical Instrument Maker,,,,,,,,B1DFB24F,,,,,,,,,,,,,EB485A78,CB4409CA,,,,,,,,,,,,B1155DE3 (possibly),,,,,,,B1155DE3,,,,,,,,9BD25FEB; 2A054809; E3F73EF5; 97587E93,Cock Christopher F3E2C1D1 nan nan,0
286.0,Golding,Thomas,0DD1FBDC,,,,,,1660,,,Teacher,Author,,,,,,,,,,,,,,,,,,,,,,,,,,,,,,,,,,,,,,,,,,,,,,,,,Golding Thomas 0DD1FBDC nan nan,0
287.0,Yates,Lewis,E6ED9226,,,,,1681,,,,Mathematician,Navigator,,,,,,,,,,,,,,,,,,,,,,,,,,,,,,,,,,,,,,,,,,,,,,,,,Yates Lewis E6ED9226 nan 1681,0
288.0,Towneley,Richard,EE2D6553,,,,,,1660,1705,,Mathematical instrument maker,Experimentalist,,,,,,30927975,,,,,,,,,,,,,,,,,,,,,,,30927975,,,,,,,,,,30927975; CD15AEF6; F876794F; 97587E93,,,,,FF0D3115; E3F73EF5,,,,,Towneley Richard EE2D6553 nan nan,0
289.0,Cunigham,Jacob,9DEF4A5C,153,,Cuningham,,,1661,,,Mathematical instrument maker,,,,,,,,,,,,,,,,,,,,,,,,,,,,,,,,,,,,,,,,,,,,,,,,,,Cunigham Jacob 9DEF4A5C nan nan,0
290.0,Anderson,Robert,C49CB32A,,,,,1710,1661,,,Mathematical practitioner,Astronomer,,,,,,,,,,,,,,,,EAC9C746; 81A8E1DF,,,EAC9C746,,8352B776,,,,,,,,,,,,,,,,,,,,,,,D83543CE,,16C51BFA; 96E2C387,,,Anderson Robert C49CB32A nan 1710,0
291.0,Hooper,George,8E14A0B3,,,,1640,1727,,,,Diallist,Mathematical practitioner,,,,,,,,,,,,,,,,,,,,2A054809,,,,,,,,,,,,,,,,,,,,,,,,,,,,,Hooper George 8E14A0B3 1640 1727,0
292.0,Fromantil,John(?),7A00CAC4,,,,,,1662,1683,,Mathematical practitioner,,,,,,03695484,,,,,,,,,,,,,,,,,,,,,,,,,,,,,,,,,,,,,,,,,,,,Fromantil John(?) 7A00CAC4 nan nan,0
293.0,Hilton,William,3B87312E,,,,,,1662,,,Surveyor,,,,,,,,,,,,,,,,,,,,,,,,,,,,,,,,,,,,,,,,,,,,,,,,,,Hilton William 3B87312E nan nan,0
294.0,Speidell,Euclid,B9F9AF5C,,,,,,1662,1702,,Author,,,,,,,,,,,,,,,,,,,,,3E88C3B5; 535C2490; F0BE3A7C,,,,,,,,,,,,,,B215AE56,,,,,,,,,,2A054809,9F4A0E80,,,,Speidell Euclid B9F9AF5C nan nan,0
296.0,Dutton,Richard,24CDA736,152,,,,,1663 (?),1682,,Mathematical practitioner,diallist,,,,,,,,,,,,,,,,,,,,16C51BFA,,D226C5D0,,,,,,,,,,,,,,,,,,,,,,6D215B3E,,,,9BD25FEB,Dutton Richard 24CDA736 nan nan,0
297.0,Knibb,Samuel,4A017F0F,157,,,,1674,1663,,,Mathematical instrument maker,,,,,,08FE9AE2,,,,,,,,,,,E7468A32,,,,,,,,,,,,,,,,,,,,,,,,,,,,,,,,E7468A32,Knibb Samuel 4A017F0F nan 1674,0
298.0,Smith,Philip,020275A5,156,,,,1683,1667,,,Mathematical instrument maker,,,,,,,,,,,,,,,,,,,,,,,,,,,,,,,,,,,,,,,,,,,,,,,,,,Smith Philip 020275A5 nan 1683,0
299.0,Newton,Isaac,E3F73EF5,,,,1642,1727,,,,Mathematical practitioner,,,,,,,,,,,,,,,,,,,,,,,,,,,,,,,,,,,,,,,,,,,,,6D215B3E; 2C81056A,,,,,Newton Isaac E3F73EF5 1642 1727,0
300.0,Whitehead,Richard,FDF5B9F1,158,,,,,1663,1693,,Mathematical instrument maker,,,,,,,,,,,,,,,,,,,,,,,,,,,,,,,,,,,,,,,,,,,,,,,,,,Whitehead Richard FDF5B9F1 nan nan,0
301.0,Beckmann,Martin,DE17754E,,,,,,1664,1694,,Engineer,Surveyor,,,,,,,,,,,,,,,,CABAE93C,,,,,,,,,,,,,,,,,,,,,,,,,,,,,,,,,Beckmann Martin DE17754E nan nan,0
302.0,Coles,Christopher,DCE9E2E1,161,,,,,1664,,,Mathematical instrument maker,,,,,,,,,,,,,,,,,,,,,,,,,,,,,,,,,,,,,,,,,,,,,,,,,,Coles Christopher DCE9E2E1 nan nan,0
303.0,Norwood,Matthew,D95A3FF4,,,,,,1664,1692,,Author,,,,,,,,,,,,,,,,,,,,,,,,,,,,,,,,,,,AFF7406D,,,,,,,,,,,,,,,Norwood Matthew D95A3FF4 nan nan,0
304.0,Dodson,William,4DF2FB51,,,,,,1665,,,Engineer,Surveyor,,,,,,,,,,,,,,,,,,,,,,,,,,,,,,,,,,,,,,,,,,,,,,,,,Dodson William 4DF2FB51 nan nan,0
305.0,Marke,John,E62F6379,45,,Markes,,,1665,1679,,Mathematical instrument maker,,,,,97587E93,08FE9AE2,,,,,,,,,,,,,,,,97587E93,,,,,,,,,9851054C,,,,,,,,,,,,,,6D215B3E; C6A0949E,,C49CB32A,,E7468A32; 9BD25FEB; 2A054809;,Marke John E62F6379 nan nan,31
306.0,Thacker,Robert,503534C7,,,Theaker,,1687,1665,,,Matematical Practitioner,Engraver,,,,,,,,,,,,,,,,,,,,,,,,,,,,,,,,,,,,,,,,,,,,,,,,,Thacker Robert 503534C7 nan 1687,0
307.0,Culpeper,Edward,B8B5700C,,,,,,1666,,,Mathematical instrument maker,,,,,,,,,,,,,,,,,,,,,,,,,,,,,,,,,,,,,,,,,,,,,,,,,,Culpeper Edward B8B5700C nan nan,0
308.0,Gunman de Valle,Christopher,12194053,,,,,1682,1666,,,Surveyor,Hydrographer,,,,,,,,,,,,,,,,,,,,,,,,,,,,,,,,,,,,,,,,,,,,,,,,,Gunman de Valle Christopher 12194053 nan 1682,0
309.0,Lea,Philip,8AE5DB26,160,,,,,1666,1700,,Mathematical Instrument maker,Globe-maker,Cartographer,,,,,,,,,,,,69759764,,,,,,,,,,,8C15E125; D0CC574B; 5CC236F8; B5F1653D,,,,,,,,,,,,,,,,,,,,,,,,,Lea Philip 8AE5DB26 nan nan,0
310.0,Nash,John,A09C9071,159,,,,,1666,1689,,Mathematical instrument maker,,,,,,,,,,,,,,,,,,,,,,,,,,,,,,,,,,,,,,,,,,,,,,A4D6F120,,,,Nash John A09C9071 nan nan,0
311.0,Nunnes,Thos,46119384,,,,,,1666,,,Surveyor,Mathematical practitioner,,,,,,,,,,,,,,,,,,,,,,,,,,,,,,,,,,,,,,,,,,,,,,,,,Nunnes Thos 46119384 nan nan,0
312.0,Atkinson,James,CAE896FF,20,,,,,1667,1711,,Mathematical Instrument Maker,Teacher,Author,,,,,,,,,,,,,,,,,,,,,,,,,,,,,,,,,,,,B72F5F25,,,,,,,,,,,B72F5F25,Atkinson James CAE896FF nan nan,32
313.0,Carver,Isaac,34980D52,162,,,,,1667,1708,,Mathematical instrument maker,,,,,B5F1653D,5CC236F8; F794316D,,,,,,,,,,,,,,,,,5CC236F8,,,,,,,,,,,,,,,,,,,,,,,,,,,Carver Isaac 34980D52 nan nan,0
314.0,Cotterel,Charles,4631895D,,,,,,1667,,,Mathematical practitioner,,,,,,,,,,,,,,,,,,,,,,,,,,,,,,,,,,,,,,,,,,,,,,,,,,Cotterel Charles 4631895D nan nan,0
315.0,Edwards,Thomas,E3CC6D78,,,,,,1667,1692,,Teacher,diallist (?),,,,,,,,,,,,,,,,,,,,,,,,,,,,,,,,032C79F1,,,,,,,,,,,,,,,,,Edwards Thomas E3CC6D78 nan nan,0
316.0,Elmes,William,C25F7A42,178,,,,,1667,1672,,Mathematical instrument maker,,,,,,,,,,,,,,,,,,,,,,,,,,,,,,,,,,,,,,,,,,,,,,,,,,Elmes William C25F7A42 nan nan,0
317.0,Fage,Edward,55CE0C92,176,,,,,1667,1673,,Mathematical instrument maker,,,,,,,,,,,,,,,,,,,,,,,,,,,,,,,,,,,,,,,,,,,,,D226C5D0,,,,,Fage Edward 55CE0C92 nan nan,0
318.0,Flamsteed,John,97587E93,,,,1646,1719,,,,Astronomer,,,,,,,,,84E713D4; B1DFB24F,,,,,,,,535C2490,,,7B441220; EE2D6553; EAC9C746; 6D215B3E; 535C2490,14A60FA0; F876794F; 2A054809; B1DFB24F,,,,,,,,,,,,,,,,,,,,,,,,D83543CE,F876794F,,,,Flamsteed John 97587E93 1646 1719,0
319.0,Henshaw,Walter,1FE8D68F,175,,,,,1667,1695,,Mathematical Instrument Maker,,,,,,,,,,,,,,,,,,,,,,,,,,,,,,,,,,406AA7BE (possibly),,,,,,,,,,,9F4A0E80,,,,,Henshaw Walter 1FE8D68F nan nan,0
320.0,Howe,Joseph,9547C6D9,172,,,,,1667,1710 (?),,Mathematical Instrument Maker,,,,,,,,,,,,,,,,,,,,,,,,,,,,,,,,,,,,,,,,,,,,,,,,,,Howe Joseph 9547C6D9 nan nan,33
321.0,Longland,William,441D0C3A,194,,,,,1667,1722,,Mathematical Instrument Maker,,,,,,,,,,,,,,,,,,,,,,,,,,,,,,,,,,,,,,9547C6D9,,,,,,,,,,,,Longland William 441D0C3A nan nan,0
322.0,Prujean,John,032C79F1,198,,,,1701,1667,,,Mathematical Instrument Maker,,,,,,3D00AE83; 7B441220; 8E14A0B3; 8D6D68F4; 15A821CA; 707C654A; F30CDEC7; E3CC6D78; 6D215B3E; 3E88C3B5; 128A1ED7; 8E14A0B3,,8D6D68F4,,,,,3E88C3B5,,,,,,,,,,,,8E14A0B3; 8D6D68F4; 15A821CA; 707C654A; 7B441220; F30CDEC7; E3CC6D78; 6D215B3E; 3E88C3B5; 128A1ED7; 8E14A0B3,,,,,,,,,,,,,,,,,,,,,,,,,Prujean John 032C79F1 nan 1701,0
323.0,Smethwick,Francis,116EA9F2,,,,,,1667,1685,,Mathematical Instrument Make,,,,,,,,,,,,,,,,,,,,,,,,,,,,,,,,,,,,,,,15A821CA,,,,,,2A054809,,,,,Smethwick Francis 116EA9F2 nan nan,0
324.0,Starr,Robert,DC11E37C,197,,,,,1667,1686,,Instrument Maker,,,,,,,,,,,,,,,,,,,,,,,,,EF106925,,,,,,,,EF106925,,,,,,,,,,,,,,,,,Starr Robert DC11E37C nan nan,0
325.0,Thornton,John,6D9F24FC,,,,,,1667,1705,,Hydrographer,,,,,,,,,,,,,,,,,,,,,E4CE98D5,,,,,,,,,,,,,,,,,,,,,,,,,,,,,Thornton John 6D9F24FC nan nan,0
326.0,Adamson,Humphrey,BAE3E27A,196,,,,,1668,1682,,Mathematical Instrument Maker,,,,,,08FE9AE2,,,,,,,,,,,,,,,B1DFB24F; 97587E93,,,,08FE9AE2,,,,,,,EE2D6553,,,,,,,,,,,,,,C6A0949E,,,2A054809; F876794F,Adamson Humphrey BAE3E27A nan nan,0
327.0,Gay,Thomas,66552EDB,195,,,,,1668,1732,,Mathematical instrument maker,,,,,,,,,,,,,,,,,,,,,,,,,,,,,,,,,,,,,,9547C6D9,,,,,,,,,,,,Gay Thomas 66552EDB nan nan,0
328.0,Page,Dixy,CA20BF9F,,,,,,1668,1674,,Mathematical Practitioner,,,,,,,,,,,,,623A13C1; D95A3FF4,,,,,,,,,,,,,,,,,,,,,,,,,,,,,,,,,,,,,Page Dixy CA20BF9F nan nan,0
329.0,Walgrave,William,46DBD25B,,,,,,1668,1681,,Mathematical Practitioner,Teacher,,,,,,,,,,,,,,,,,,,,,,,,,,,,,,,,,,,,,,,,,,,,,,,,,Walgrave William 46DBD25B nan nan,0
330.0,Wing,Vincent,51866F7F,,,,,,1668,1672,,Surveyor,,,,,,,,,,,,,,,,,,,,,,,,,,,,,,,,,,,14A60FA0,,,,,,,,,,,,,,,Wing Vincent 51866F7F nan nan,19
331.0,Berry,William,57F6F09D,193,,,,,1669,1708,,Globe-maker,,,,,,,,,,,,,,,,,,,,,8AB47545; D226C5D0,,,,,,,,,,,,,,,,,,,,,,,,,,,,,Berry William 57F6F09D nan nan,0
332.0,Collins,Greenvile,215ACC08,,,,,,1669,1696,,Hydrographer,Navigator,Surveyor,,,,,,,,,,,,,,,4AD081ED [possibly],,,,,,,,,,,,,,,,,,,,,,,,,,,,,,,,,Collins Greenvile 215ACC08 nan nan,0
333.0,Wells,Joseph,3394F95C,191,,,,,1667,1672,,Mathematical Instrument Maker,,,,,,,,,,,,,,,,,,,,,,,,,,,,,,,,,,,,,,,,,,,,,,,,,,Wells Joseph 3394F95C nan nan,0
334.0,Jole,Robert,F4764DEC,189,,Choule,,,1667,1677,,Mathematical Instrument Maker,Teacher,Author,,,,15A821CA; 4C2EB09C,,,,,,,,,,,,,,,,,,,C25F7A42; 3394F95C,,,,,,,,,,,,,,,,,,,,,,,,,Jole Robert F4764DEC nan nan,0
335.0,King,Gregory Jnr.,559ACE92,,,,1648,1712,,,,Surveyor,Cartographer,,,,,,,,,,,,,,,,376B064D,,,,B5AA83D3; 2A054809,,,,,,,,,,,,,,0C457567,,,,,,,,,,,,,,0C457567,King Gregory Jnr. 559ACE92 1648 1712,0
336.0,Moone,Thomas,B4F9F90B,690,,,,,1669,,,Mathematical Instrument Maker,,,,,,,,,,,,,,,,,,,,,,,,,,,,,,,,,,,,,,,,,,,,,F09C1579,F09C1579,,,,Moone Thomas B4F9F90B nan nan,0
337.0,Pricke,Robert,DE865BBA,,,,,,1669,1675,,Mathematical Practitioner,,,,,,,,,,,,,,,,,,,,,,,,,,,,,,,,,,,,,,,,,,,,,,,,,,Pricke Robert DE865BBA nan nan,0
338.0,Shere,Henry,A5A016CC,,,Sheres,,,1669,1698,,Engineer,Surveyor,,,,,,,,,,2D0F71CC,,,,,,,,,,2A054809,,,,,,,,,,,,,,,,,,,,,,,,,,,,,Shere Henry A5A016CC nan nan,0
339.0,Slezer,John,29AD0D7B,,,,,1714,1669,,,Mathematical Practitioner,,,,,,,,,,,,,,,,,,,,,F794316D,,,,,,,,,,,,,,,,,,,,,,,,,,,,,Slezer John 29AD0D7B nan 1714,0
340.0,Whiblin,John,AB737C5F,,,,,,1669,1676,,Mathematical Practitioner,,,,,,,,,,,,,,,,,,,,,,,,,,,,,,,,,,,,,,,,,,,,,,,,,,Whiblin John AB737C5F nan nan,0
341.0,Wingfield,John,56709262,201,,,,,1669,1671,,Mathematical Instrument Maker,,,,,,,,,,,,,,,,,,,,,E4CE98D5; 9F4A0E80,,,,,,,,,,,,,,,,,,,,,,,,,,,,,Wingfield John 56709262 nan nan,0
342.0,Wood,John,4AD081ED,4006 [?],,,,1681,1669,,,Surveyor,Mathematical Practitioner,,,,,,,,,,,,,,,,,,,,,,215ACC08,,,,,,,,,,,,,,,,,,,,,,3E88C3B5; 77FB7497; 2A054809,,,,,Wood John 4AD081ED nan 1681,17
343.0,Yarwell,John,378D043F,200,,,1648,1712,,,,Mathematical Instrument Maker,,,,,,,,,,,,,,,,,,,,,,,,,DE92E776,,,,,,,,,18AFC44F,,,,,,,,,,,,,,,9BD25FEB; 535C2490,Yarwell John 378D043F 1648 1712,0
344.0,Adams,John,376B064D,,,,,,1670,1696,,Surveyor,Cartographer,Mathematical Practitioner,,,,,,,,,,,,,,,F30CDEC7,,,,97587E93,,,,,,,,,,,,,,,,,,,,,,,,,,,,,Adams John 376B064D nan nan,34
345.0,Forster,Clement,C785F2BD,206,,,,,1670,1694,,Mathematical Instrument maker,,,,,,,,,,,,,,,,,,,,,,,,,,,,,,,,,,,,,,,,,,,,,,,,,,Forster Clement C785F2BD nan nan,0
346.0,De Foubert,M.,ACD0A611,,,,,,1670,1686,,Teacher,,,,,,,,,,,,,,,,,,,,,397F9844; 2A054809; 34241F0F,,,,,,,,,,,,,,,,,,,,,,,,,,,,,De Foubert M. ACD0A611 nan nan,0
347.0,Herne,John (jnr.),C359D4EF,,,,,,1670,1685,,Mathematical Practitioner,Diallist,Surveyor,,,,,,,,,,,,,,,,,,,,,,,,,,,,,,,,,EF106925,,,,,,,,,,,,,,,Herne John (jnr.) C359D4EF nan nan,24
348.0,Hone,Joseph,B608775A,205,,,,,1670,1704,,Mathematical Instrument Maker,,,,,,77FB7497,,,,,,,,,,,,,,,,,,,,,,,,,,,,,,,,,,,,,,,,,,,,Hone Joseph B608775A nan nan,33
349.0,Sinclair,George,9B31D388,1025,,St. Clair,,,1670,1703,,Mathematical Instrument Maker,,,,,,,,9BD25FEB,,,,,,,,,,,,9BD25FEB,,,,,,,,,,DC974BAB,,,,,,,9E7ECE41,,,,,,,,6D215B3E,,,,,Sinclair George 9B31D388 nan nan,29
350.0,Quare,Daniel,550C3775,204,,,1649,1724,,,,Mathematical Instrument Maker,,,,,,,,,,,,,,,,,,,,,,,,,DE92E776,,,,,,,,,88EBD84E,,,,,,,,,,,,,,,,Quare Daniel 550C3775 1649 1724,0
351.0,Kitson,George,1EAA4C19,202,,,,,17th Century,,,Mathematical Instrument maker,,,,,,,,,,,,,,,,,,,,,C10627C5,,,,,,,,,,,,,,,,,,,,,,,,,,,,,Kitson George 1EAA4C19 nan nan,0
352.0,Colson,John,F0BE3A7C,,,,,,1671,1709,,Teacher,,,,,,,,,,,F09C1579,,,,,,,,,215ACC08; 3E88C3B5; B9F9AF5C; FF62ED8E,,,,,,,,,,,,,,,,,,,,,2C58BF52 (possibly),,,,,,,,,Colson John F0BE3A7C nan nan,26
353.0,Northall,William,C6AE7F97,,,,,,1671,1680,,Teacher,Mathematical Practitioner,,,,,,,,,,,,,,,,,,,,,,,,,,,,,,,,,,,,,,,,,,,,,9F4A0E80,,,,Northall William C6AE7F97 nan nan,0
354.0,Webster,Robert,0484E26A,,,,,,1671,,,Teacher,,,,,,,,,,,,,,,,,,,,,,,,,,,,,,,,,,,,,,,,,,,,,6D215B3E,,,,,Webster Robert 0484E26A nan nan,0
356.0,Jenifer,John,7FB70DD0,,,,,,1672,1699,,Surveyor,Hydrographer,,,,,,,,,,,,,,,,,,,,,,,,,,,,,,,,,,,,,,,,,,,,,,,,,Jenifer John 7FB70DD0 nan nan,0
357.0,Kempthorne,John,6646AA69,,,,,,1672,1688,,Surveyor,Hydrographer,,,,,,,,,,,,,,,,,,,,,,,,,,,,,,,,,,,,,,,,,,,,,,,,,Kempthorne John 6646AA69 nan nan,0
358.0,Knibb,John,5775EE07,210,,,,,1672,1682,,Mathematical Instrument Maker,,,,,9BD25FEB,,,,,,,,,,,,,,,,,,,,,,,,,,,,,,,,,,,,,,,,,,,,9BD25FEB,Knibb John 5775EE07 nan nan,0
359.0,Melling,John,F59E2CBC,211,,,,,1672,1704,,Mathematical Instrument Maker,,,,,,,,,,,,,,,,,,,,,,,,,,,,,,,,,,,,,,,,,,,,,D83543CE,,,,,Melling John F59E2CBC nan nan,0
360.0,Parker,John,DAED03E7,,,,1651,1743,,,,Astrologer,Alanmack-maker,,,,,,,,,,,,,,,,,,,,,,,,,,,,,,,,,,,,,,,,,,,,3E88C3B5,549AB8F5,,,,Parker John DAED03E7 1651 1743,31
361.0,Sharp,Abraham,F0BE3A7C,336,,,1651,1742,,,,Teacher,Mathematical Instrument maker,Philosopher,,,,,,,,,,,,,,,97587E93,,,97587E93; 3E88C3B5; B9F9AF5C; 9A7F2BEB; FF62ED8E,,,,,,,,,,,,,,,,,,,,,,,,,,,,,,Sharp Abraham F0BE3A7C 1651 1742,35
363.1,Thompson,Isaac,0691CBD5,209,,,,,1672,1695,,Engineer,Mathematical Instrument Maker,,,,2A054809,,,,,,,,,,,,08FE9AE2,,,,,,,,,,,,,,,,,,,,,,,,,,,,,,,,2A054809; 2A054809,Thompson Isaac 0691CBD5 nan nan,0
364.0,Hunt,Harry,0447A901,656,,,,,1673,1713,,Mathematical Instrument Maker,Meteorologer,,,"Robert Hooke (270), Edmund Halley (401)",,,,,,,,,,,,,,,,,,,,,,,,,,,,,,,,,,,,,,,,,3E88C3B5,,,,2A054809,Hunt Harry 0447A901 nan nan,0
365.0,Hunt,William,5CC236F8,,,,,,1673,1698,,Mathematical Practitioner,,,,,,,,,,,,,,,,,,,,,,,,,,,,,,,,,,,,,,,,,,,,,,,,,,Hunt William 5CC236F8 nan nan,0
366.0,Mayne,John,2F476CC4,,,,,,1673,1675,,Author,Teacher,,,,,,,,,,,,,,,,,,,,,,,,,,,,,,,,,,,,,,,,,,,,,,,,,Mayne John 2F476CC4 nan nan,4
367.0,Reine,R.,CB4409CA,181,,,,,1673,1680,,Mathematical Instrument Maker,,,,,,,,,,,,,,,,,,,,,,,,,,2A054809,,,,,,,,,,,,,,,,,,,,,,,,Reine R. CB4409CA nan nan,0
369.0,Butterfield,Michael,9D9F62DC,,,,,,1674,1722,,Mathematical instrument maker,,,,,,,,,,,,,,,,,,,,,,,,,,,,,,,,,,,,,,,,,,,,,2C81056A,,,,,Butterfield Michael 9D9F62DC nan nan,0
370.0,Colson,Nathaniel,2C58BF52,,,,,,1674,,,Navigator,,,,Lancelot Colson,,,,,,,,,,,,,,,,,,,,,,,,,,,,,,,,,,,,,F0BE3A7C (possibly),,,,,,,,,Colson Nathaniel 2C58BF52 nan nan,0
371.0,Conyers,John,F62DDF0F,,,,,,1673,1679,,Mathematical Instrument Maker,,,,Robert Hooke (270),,,,,,,,,,,,,,,,2A054809,,,,,,,,,08FE9AE2,,,,,,,,,,,,,,,,2A054809,,,,,Conyers John F62DDF0F nan nan,0
373.0,Dunning,Jack,7AA1682D,,,,,,1674,1678,,Mathematical Instrument Maker,,,,"Hooke (270). Flamsteed (318), Smethwick (323), John Marshall (435)",,,,,,,,,,,,,,,,,CBC90ABB,,,,,,,,,,,,,,,,,,,,,,,,,,,,2A054809; 97587E93,Dunning Jack 7AA1682D nan nan,0
374.0,Falgate,Robert,106BA696,,,Felgate,,,1674,1675,,Surveyor,,,,,,,,,,,,,,,,,559ACE92,,,,,,,,,,,,,,,,,,,,,,,,,,,,,,,,,Falgate Robert 106BA696 nan nan,0
375.0,Forbes,Alexander,DD961651,,,,,,1674,,,Mathematical Practitioner,,,,,,,,,,,,,,,,,,,,,,,,,,,,,,,,,,,,,,,,,,,,,,,,,,Forbes Alexander DD961651 nan nan,0
376.0,Parsons,Charles,7D4643C0,217,,,,,1674,,,Mathematical Instrument Maker,,,,,,,,,,,,,,,,,,,,,,,,,,,,,,,,,,,,,,,,,,,,,,,,,,Parsons Charles 7D4643C0 nan nan,0
377.0,Skinner,Joseph,2F5F9D4C,,,,,,1674,1694,,Mathematical Practitioner,Teacher,,,,,,,,,,,,,,,,,,,,,,,,,,,,,,,,,,,,,,,,,,,,,,,,,Skinner Joseph 2F5F9D4C nan nan,0
378.0,Sleyer,W.,59FF543B,,,,,,1674,1680,,Mathematical Instrument Maker,,,,,,,,,,,,,,,,,,,,,BD2D0130; 2A054809,,,,,,,,,,,,,,,,,,,,,,,,2A054809,,,,,Sleyer W. 59FF543B nan nan,0
380.0,Stephenson,Nicholas,C6A0949E,,,,,,1674,1680,,Mathematical Practitioner,,,,,,,,,,,,,,,,,,,,,F876794F,,,,,,,,,,,,,,,,,,,,,,,,,,,,,Stephenson Nicholas C6A0949E nan nan,0
381.0,Watson,Samuel,96C44B10,216,,,,,1674,1709,,Mathematical Instrument Maker,Astronomer,,,,,,,,,,,,,,,,,,,,,,,,,,,,,,,,,,,,,,,,,,,,,,,,,Watson Samuel 96C44B10 nan nan,0
383.0,Gascoyne,Joel,5C7F49F5,,,,,,1675,1725 (?),,Surveyor,,,,John Seller (273),,,,,,,,,,,,,,,,,,,,,,,,,,,,,,,,,,,,,,,,,,,,,,Gascoyne Joel 5C7F49F5 nan nan,0
384.0,Lever,Stephen,A6E41357,215,,,,,1675,1677,,Mathematical Instrument Maker,,,,,2A054809,,,,,,,,,,,,,,,,,,,,,,,,,,,,,,,,,,,,,,,,2A054809,,,,,Lever Stephen A6E41357 nan nan,0
385.0,Rogers,Mordecai,5E4E52CD,,,,,,1675,,,Surveyor,,,,,,,,,,,,,,,,,,,,,,,,,,,,,,,,,,,,,,,,,,,,,,,,,,Rogers Mordecai 5E4E52CD nan nan,0
386.0,Tollet,George,D71D2558,,,,,,1675,1713,,Teacher,,,,,,,,,,,,,,,,,,,,,C359D4EF; 2A054809,,,,,,,,,,,,,,,,,,,,,,,,,,,,,Tollet George D71D2558 nan nan,0
387.0,Vassall,J.,4B636A03,,,,,,1675,,,Surveyor,,,,,,,,,,,,,,,,,,,,,,,,,,,,,,,,,,,,,,,,,,,,,,,,,,Vassall J. 4B636A03 nan nan,0
388.0,Ward,James,27B6266D,,,,,,1675,1711,,Surveyor,Mathematician,,,,,,,,,,,,,,,,,,,,,,,,,,,,,,,,,,,,,,,,,,,,2A054809,,,,,Ward James 27B6266D nan nan,0
390.0,Bennet,William,037D396B,1271 [?],,,,,1676,1680,,Mathematical Instrument Maker,Clock-maker,,,,,,,,,,,,,,,,,,,,999F6511,,,,,,,,,,,,,,,,,,,,,,,,,,,,2A054809,Bennet William 037D396B nan nan,0
391.0,Crawley,Thomas,A137E3F0,6517,,,,,1676,1702,,Instrument Repairsman,,,,"Hooke (270), Scarburgh (187), Hunt (364)",,,,,,,,,,,,,,,,,999F6511,,,,,,,,,,,,,,,,,,,,,,,,,,,,2A054809,Crawley Thomas A137E3F0 nan nan,0
393.0,Kendal,John,89CC0754,,,,,,1676 (?),1702,,Surveyor,Astronomer,Astrologer,Teacher,,,,,,,,,,,,,,,,,05885B4B,,,,,,,,,,,,,,,,,,,,,,,,,,,,,,Kendal John 89CC0754 nan nan,0
394.0,Phillips,Thomas,CABAE93C,,,,,,1676,1695,,Engineer,,,,,,,,,,,,,,,,,,,,,2A054809,,,,,,,,,,,,,,,,,,,,,,,,,,,,,Phillips Thomas CABAE93C nan nan,0
395.0,Shepard,Ann,5B616307,225,,,,,1676,,,Businesswoman,Mathematical Practitioner,,,,,,,,,,,,,,,,,,,,,,,,,,,,,,,,,,,,,,,,,,,,,,,,,Shepard Ann 5B616307 nan nan,0
396.0,Wing,John,E9CC1C68,,,,1655,,1673,1715,,Mathematical Practitioner,Surveyor,Diallist,Teacher,,,,,,,,,,,,,,,,,,,,,,,,,,,,,,,,,,14A60FA0,,4233224A,,,,,,,,,,,Wing John E9CC1C68 1655 nan,0
397.0,Caswell,John,F30CDEC7,,,,1656,1712,,,,Teacher,Surveyor,,,,,,,,,,,,,,,,,,,,8D6D68F4; 376B064D,,,,,,,,,,,,,,,,,,,,,,,,,,,,,Caswell John F30CDEC7 1656 1712,0
398.0,Clement,William,87FCC630,,,,,,1677,1699,,Mathematical Instrument Maker,Clock-maker,,,,,,,,,,,,,,,,,,,,,,,,,,,,,,,,,,,,,,,,,,,,2114E07A; 2A054809,,,,,Clement William 87FCC630 nan nan,0
399.0,Dummer,Edmund,605DBBC6,,,,,,1677,1713,,Surveyor,,,,,,,,,,,,,,,,,,,,,,,,,,,,,,,,,,,,,,,,,,,,,,,,,,Dummer Edmund 605DBBC6 nan nan,0
400.0,Fairfax,George,6A4268FD,,,,,,1677,1701,,Mathematical Practitioner,,,,,,,,,,,,,,,,,,,,,,,,,,,,,,,,,,,,,,,,,,,,,,,,,,Fairfax George 6A4268FD nan nan,0
401.0,Halley,Edmund,3E88C3B5,,,,,,1656,1742,,Hydrographer,Mathematical Practitioner,,,,,,,,,,,,,,,,,,,97587E93,8352B776; EAC9C746; F876794F,,,,,,,,,,,,,,,,,,,,,,,,,,,,,Halley Edmund 3E88C3B5 nan nan,0
402.0,Hooke,John,8D299394,224,,,,,1677,,,Mathematical Instrument maker,,,,,,,,,,,,,,,,,,,,,,,,,,,,,,,,,,,,,,,,,,,,,,,,,,Hooke John 8D299394 nan nan,0
403.0,Perkins,Peter,9F5737F5,,,,,,1677,1680,,Mathematical Instrument Maker,Teacher,,,,,,,97587E93,,,,,,,,,,,,,F876794F,,,,,,,,,,,,,,,,,,,,,,,,96E2C387; 2A054809,,,,,Perkins Peter 9F5737F5 nan nan,0
404.0,Pound,Thomas,69759764,,,,,,1677,1691,,Surveyor,,,,,,,,,,,,,,,,,,,,,,,,,,,,,,,,,,,,,,,,,,,,,,,,,,Pound Thomas 69759764 nan nan,0
405.0,Seller,John (Jnr.),99177FF4,223,,,,,1677,1691,,Mathematical Instrument Maker,,,,,,,,,,,,,,,,,,,,,,,,,,,,,,,,,,,,,,,,,E4CE98D5,,,,,,,,,Seller John (Jnr.) 99177FF4 nan nan,30
407.0,White,Thomas,FC5F2837,,,,,,1677,1700,,Surveyor,Mathematical Practitioner,,,,,,,,,,,,,,,,,,,,,,,,,,,,,,,,,,,,,,,,,,,,9F4A0E80,,,,,White Thomas FC5F2837 nan nan,0
408.0,Chamberlaine,Robert,8B1D462F,,,,,,1678,1696,,Mathematical Practitioner,,,,,,,,,,,,,,,,,,,,,,,,,,,,,,,,,,,,,,,,,13B4485E,,,,,,,,,Chamberlaine Robert 8B1D462F nan nan,0
409.0,Hack,William,8EA64D1F,,,,,,1678,1700,,Hydrographer,Chart-Maker,,,,,,,,,,,,,,,,,,,,,,,,,,,,,,,,,,,,,,,,,,,,,,,,,Hack William 8EA64D1F nan nan,0
411.0,Parsons,William,7FFBE835,,,,1658,1723 (?),,,,Mathematical Practitioner,Navigator,,,,,,,,,,,,,,,,,,,,,,,,,,,,,,,,,,,,,,,,,,,,,,,,,Parsons William 7FFBE835 1658 1723 (?),0
412.0,Reeves,John,01721BAE,222,,,,,1679,1710 (?),,Mathematical Instrument Maker,,,,,,,,,,,,,,,,,,,,,,,,,,,,,,,,,,,EB485A78,,,,,,,,,,,,,,,Reeves John 01721BAE nan nan,0
413.0,Smith,John,2114E07A,220,,,,,1678,1694,,Mathematical Instrument Maker,Clock-maker,Horologer,,,,,,,,,,,,,,,,,,,,,,,,,,,,,,,,,,,,,,,,,,,6D215B3E,,,,,Smith John 2114E07A nan nan,12
414.0,Adams,William,AB30E5D2,,,,,,1680,,,Surveyor,,,,,,,,,,,,,,,,,,,,,,,,,,,,,,,,,,,,376B064D,,,,,,,,,,,,,,Adams William AB30E5D2 nan nan,0
415.0,Ayres,Thomas,BD65D578,,,,,,1680,1705,,Teacher,Mathematical Practitioner,,,,,,,,,,,,,,,,,,,,,,,,,,,,,,,,,,,,,,,,,,,,,,,,,Ayres Thomas BD65D578 nan nan,0
416.0,Baker,William,887F4B8E,219,,,,,1680,,,Mathematical Instrument Maker,,,,,,,,,,,,,,,,,,,,,,,,,,,,,,,,,,,,,,,,,,,,,,,,,,Baker William 887F4B8E nan nan,36
417.0,D'agard,M.,1B20022D,,,,,,1680,,,Teacher,,,,,,,,,,,,,,,,,,,,,,,,,,,,,,,,,,,,,,,,,,,,,,,,,,D'agard M. 1B20022D nan nan,0
418.0,Fisher,John,B084474B,,,,,,1680,1703,,Surveyor,Teacher,,,,,,,,,,,,,,,,,,,,,,,,,,,,,,,,,,,,,,,,,,,,,,,,,Fisher John B084474B nan nan,0
419.0,Mandey,Venterus,D7B8D6D4,,,,,1709,1680,,,Teacher,Author,,,,,,,,,,,,,,,,F92A6229,,,,,,,,,,,,,,,,,,,,,,,,,,,,,,,,,Mandey Venterus D7B8D6D4 nan 1709,0
420.0,Price,Charles,D95D3560,218,,,,,1680,1718,,Mathematical Instrument Maker,Cartographer,Globe-Maker,,,,,,,,,,,,,,,,,,,7A54A59B; 22851917; 95C4F1B5; 53B0CEEE,,,,,,,,,,,,,,,,,,,,,,,,,,,,,Price Charles D95D3560 nan nan,0
421.0,Warner,John,960D2D77,227 [?],,,,,1680,1710,,Teacher,Author,,,,,,,,,,,,,,,,,,,,,,,,,,,,,,,,,,,,,,,,,,,,,,,,,Warner John 960D2D77 nan nan,37
422.0,Culpeper,Edmund,CEA4181C,168,,,1660,1738,,,,Mathematical Instrument Maker,,,,,,,,,,,,,,,,,,,,,,,,,,,,,,,,,,,B8B5700C,,,,,,,,,,,,,,,Culpeper Edmund CEA4181C 1660 1738,0
423.0,Fowle,Thomas,D9472B41,,,,,,1681,1687,,Mathematical practitioner,,,,,,,,,,,,,,,,,,,,,,,,,,,,,,,,,,,,,,,,,,,,,,,,,,Fowle Thomas D9472B41 nan nan,7
424.0,Paterson,James,B456ED04,709,,,,,1681,1693,,Mathematical Practitioner,Author,Teacher,,,,,,,,,,,,,,,,,,,,,9D07C3FA,,,,,,,,,,,,,,,,,,,,,,,,0D7BF206,,,Paterson James B456ED04 nan nan,0
425.0,Saunder,Richard,DDAF721A,,,Saunders,,,1681,1715,,Mathematical Practitioner,Teacher,,,,,,,,,,,,,,,,,,,,,,40391BF5,,,,,,,,,,,,,,,,,,,,,,,,,,,Saunder Richard DDAF721A nan nan,0
426.0,Gregory,David,6AB00976,,,,1661,1708,,,,Teacher,Mathematical Practitioner,,,,,,,,,,,,,,,,,,,,,,,,,,,,,,,,,,,,9BD25FEB,,,,,,,,,,,,,Gregory David 6AB00976 1661 1708,0
427.0,Pagitt,Edward,D6D298B5,,,,,,1682,1695,,Experimentalist,,,,,,,,,,,,,,,,,,,,,E3F73EF5,,,,,,,,,,,,,58D69031,,,,,,,,,,,,,,,,Pagitt Edward D6D298B5 nan nan,0
428.0,Williams,Reeve,7C10B1C2,,,,,,1682,1703,,Teacher,Mathematical Practitioner,,,,,,,,,,,,,,,,,,,,,,,,,,,,,,,,,,,,,,,,,,,,,,,,,Williams Reeve 7C10B1C2 nan nan,0
429.1,Adair,John,F794316D,,,,,1722,1683,,,Sureyor,Hydrographer,Cartographer,,,,,,,,,,,,,,,,,,,29AD0D7B,,,,,,,,,,,,,,,,,,,,,,,,,,,,,Adair John F794316D nan 1722,0
429.2,Everard,Thomas,B5F1653D,,,,,,1683,1684,,Mathematical Practitioner,,,,,,,,,,,,,,,,,,,,,,,,,,,,,,,,,,,,,,,,,,,,,,,,,,Everard Thomas B5F1653D nan nan,0
430.0,Marr,John,174BCB7F,,,Mair,,,1683,1689,,Surveyor,Teacher,Navigator,,,,,,,,,,,,,,,,,,,,,,,,,,,,,,,,,,,,,,,,,,,,,,,,Marr John 174BCB7F nan nan,15
431.0,Selden,Joseph,13717F23,735,,,,,1694,,,Mathematical Practitioner,Surveyor,Author,,,,,,,,,,,,,,,,,,,,,,,,,,,,,,,,,,,,,,,,,,,,,,,,Selden Joseph 13717F23 nan nan,0
432.0,Wildboare,Tobias,CA534BD3,233,,,,,1683,,,Matematical Instrument Maker,,,,,,,,,,,,,,,,,,,,,,,,,,,,,,,,,,,,,,,,,,,,,,,,,,Wildboare Tobias CA534BD3 nan nan,0
433.0,Hindmarsh,Joseph(?),136025D3,,,,,,1684,1695,,Bookseller(?),,,,,,,,,,,,,,,,,,,,,,,,,,,,,,,,,,,,,,,,,,,,,,,,,,Hindmarsh Joseph(?) 136025D3 nan nan,0
434.0,Liddel,George,0D7BF206,,,,,,1684,1716,,Teacher,,,,,,,,,,,,,,,,,E045341F,,,,,,,,,,,,,,,,,,E045341F,,E045341F,,,,,,,,,,B456ED04,,,Liddel George 0D7BF206 nan nan,0
435.0,Marshall,John,82F826B3,232,,,1663,1725,,,,Mathematical Instrument Maker,,,,,,,,,,,,,DE92E776,,,,,,,,CBC90ABB,,,,,2A054809,,,,,,,,,,,,7AA1682D,,,,,,,,3E88C3B5,,378D043F,,Marshall John 82F826B3 1663 1725,0
436.0,Mount,Richard,FA6E1CC5,,,,,1722,1684,,,Author,,,,,,,,,,215ACC08; 2810FCFD,,,,,3E88C3B5,,,,,,6D9F24FC,,,,,,,,,,,,,,,,,,,,,,,,,,,,,Mount Richard FA6E1CC5 nan 1722,0
437.0,Stone,William,3CCF2B81,231,,,,,1684,,,Mathematical Instrument Maker,,,,,,,,,,,,,,,,,,,,,,,,,,,,,,,,,,,,,,,,,,,,,,,,,,Stone William 3CCF2B81 nan nan,28
438.0,Aland,Jonathan,E1ECCFE6,,,,,,1685,,,Mathematical Practitioner,,,,,,,,,,,,,,,,,,,,,,,,,,,,,,,,,,,,,,,,,,,,,,,,,,Aland Jonathan E1ECCFE6 nan nan,0
439.0,Baker,Robert,742ED76B,,,,,,1685,1712,,Mathematical Practitioner,Surveyor,Diallist,,,,,,,,,,,,,,,,,,,,,,,,,,,,,,,,,,,,,,,,,,,,,,,,Baker Robert 742ED76B nan nan,20
440.0,Jenner,Anselm,5C641AD8,230,,,,,1685,1692,,Mathematical Instrument Maker,,,,,,,,,,,,,,,,,CB9CD004,,,,,,,,,,,,,,,,,,,,,,,,,,,,,,,,,Jenner Anselm 5C641AD8 nan nan,0
441.0,Bardon,Claudius,397F9844,,,,,,1686,,,Teacher,,,,,,,,,,,,,,,,,ACD0A611,,,,,,,,,,,,,,,,,,,,,,,,,,,,,,,,,Bardon Claudius 397F9844 nan nan,0
442.0,Harrison,Edward,C10627C5,,,,,,1686,1700,,Mathematical Practitioner,,,,,,,,,,,,,,,,,,,,,,,,,,,,,,,,,,,,,,,,,,,,,,,,,,Harrison Edward C10627C5 nan nan,0
443.0,Hawkins,John,3450770F,,,,,,1686,1707,,Teacher,,,,,,,,,,,,,,,,,,,,58E1B708,,,,,,,,,,,,,,,,,,,,,,,,,,,,,,Hawkins John 3450770F nan nan,0
444.0,Long,Solomon,0FC91C7E,,,,,,1686,1691,,Surveyor,,,,,,,,,,,,,,,,,,,,,,,,,,,,,,,,,,,,,,,,,,,,,,,,,,Long Solomon 0FC91C7E nan nan,0
445.0,Metre,M.,9ACE7689,,,,,,1686,,,Teacher,,,,,,,,,,,,,,,,,,,,,,,,,,,,,,,,,,,,,,,,,,,,,,,,,,Metre M. 9ACE7689 nan nan,0
446.0,Neale,Henry,85176275,2556,,,,,1686,1695,,Mathematical Instrument Maker,,,,,,,,,,,,,,,,,,,,,,,,,,,,,,,,,,,,,,,,,,,,,,,,,,Neale Henry 85176275 nan nan,0
447.0,Saumarez,H.,40ED364B,,,,,,1686 (?),,,Engineer,Surveyor,,,,,,,,,,,,,,,,,,,,,,,,,,,,,,,,,,,,,,,,,,,,,,,,,Saumarez H. 40ED364B nan nan,0
448.0,Lydell,James,4EBCA9C4,229,,,,,1686,,,Mathematical Instrument Maker,,,,,,,,,,,,,,,,,,,,,E4CE98D5,,,,,,,,,,,,,,,,,,,,,,,,,,,,,Lydell James 4EBCA9C4 nan nan,0
449.0,Warner,John,591C3C81,227,,,,,1684,1722 (?),,Mathematical Instrument Maker,,,,,,,,,,,,,,,,,,,,,,,,,,,,,,8C15E125,,,8C15E125,,,,,,,,,,,,,,,,,Warner John 591C3C81 nan nan,37
450.0,Wilson,James,094C2445,226,,,1665,1730,,,,Mathematical Instrument Maker,,,,,,,,,,,,,,,,,,,,,,,,,,,,,,,,,,,,,,,,,,,,,D83543CE,,,,,Wilson James 094C2445 1665 1730,0
451.0,Worgan,John,A36F42D9,236,,,,,1686,1714,,Mathematical Instrument Maker,,,,,C1E79EB2,,,,,,,,,,,,,,,,,,81A8E1DF,,,,,,,,,,,,,,,,,,,,,,D83543CE,,,,,Worgan John A36F42D9 nan nan,0
452.0,Cock,John,B1155DE3,352,,,,,1687,1695,,Craftsman,,,,,,,,,,,,,,,,,,,,,,,,,,,,,,,,,,,,,,,,,,,,,,,,,,Cock John B1155DE3 nan nan,9
453.0,Davis,William,3C1137EE,,,,,,1687,1692,,Mathematical Practitioner,Author,,,,,,,,,,,,,,,,,,,,,,,,,,,,,,,,,,,,,,,,,,,,,,,,,Davis William 3C1137EE nan nan,0
454.0,Hailes,Thomas,D47211D0,235,,,,,1687,1692,,Mathematical Instrument Maker,,,,,,,,,,,,,,,,,,,,,,,,,,,,,,,,,,,,,,,,,,,,,,,,,,Hailes Thomas D47211D0 nan nan,0
455.0,Holmes,Thomas,0A6C8DF4,,,,,,1687,,,Surveyor,,,,,,,,,,,,,,,,,,,,,,,,,,,,,,,,,,,,,,,,,,,,,,,,,,Holmes Thomas 0A6C8DF4 nan nan,0
456.0,Cade,Simon,6EDF3F6A,853,,,,,1688,1728,,Mathematical Instrument Maker,,,,,,,,,,,,,,,,,,,,,,,,,,,,,,,,,,,,,,84E713D4,,,,,,,,,,,,Cade Simon 6EDF3F6A nan nan,0
457.0,Harris,John,D83543CE,,,,1667,1719,,,,Teacher,,,,,,,,,,,,,,,,,,,,1B1C8A1C,9A7F2BEB; 0DB18D37; 81A8E1DF; 7B7CE9F7,,,,,,,,,,,,,,,,,,,,,,,,,,,,,Harris John D83543CE 1667 1719,38
458.0,Love,John,C1E79EB2,,,,,,1688,1711,,Surveyor,Author,,,,,,,,,,,,,,,,0BBB2CD7,,,,,,,,,,,,,,,,,,,,,,,,,,,,,,,,,Love John C1E79EB2 nan nan,0
459.0,Matthews,Maurice,0BBB2CD7,,,,,,1688,,,Surveyor,,,,,,,,,,,,,,,,,C1E79EB2,,,,,,,,,,,,,,,,,,,,,,,,,,,,,,,,,Matthews Maurice 0BBB2CD7 nan nan,0
460.0,Wells,Edward,5CACE192,,,,1667,1727,,,,Teacher,Author,,,,,,,,,,,,,,,,,,,,,,,,,,,,,,,,,,,,,,,,,,,,,,,,,Wells Edward 5CACE192 1667 1727,0
461.0,Whiston,William,549AB8F5,,,,1667,1752,,,,Philosopher,Teacher,,,,,,,,,,,,,,,,BD8E49F9; 7B7CE9F7; 22851917,,,,,,,,,,,,,,,,,,,,,,,,,,,,E3F73EF5,,4C5FC921; C61E4D17,,,Whiston William 549AB8F5 1667 1752,0
462.0,Wriglesworth,William,2D9F742E,,,,,,1688,1691,,Astronomer,Astrologer,,,,,,,,,,,,,,,,,,,,,,,,,,,,,,,,,,,,,,,,,,,,,,,,,Wriglesworth William 2D9F742E nan nan,0
463.0,Coggs,John,217C9C38,155,,,,,1690,1740,,Mathematical Instrument Maker,,,,,,,,,,,,,,,,,,602035A5,,,,,,,,,,,,,,,,,,,,,,,,,,,,,,,81A8E1DF,Coggs John 217C9C38 nan nan,0
464.0,Deane,William,7D8C063D,180,,,,,1690 (?),1712,,Mathematical Instrument Maker,,,,,,,,,,,,,,,,,,,,,,,,,,,,,,,,,,,,,,,,,,,,,,,,,,Deane William 7D8C063D nan nan,0
465.0,Hodgeson,Marmaduke,DE0F4AAD,,,,,,1690,,,Teacher,,,,,,,,,,,,,,,,,,,,,,,,,,,,,,,,,,,,,,,,,,,,,,,,,,Hodgeson Marmaduke DE0F4AAD nan nan,0
466.0,Howe,John,4830E3E0,253,,,,,1690,1733,,Mathematical Instrument Maker,,,,,,,,,,,,,,,,,,,,,,,,,,,,,,,,,,,9547C6D9,,,,,,,,,,,,,,,Howe John 4830E3E0 nan nan,23
467.0,Love,James,1C1C0EBA,,,,,,1690,1700,,Surveyor,Mathematician,,,,,,,,,,,,,,,,,,,,,,,,,,,,,,,,,,,,,,,,,,,,,,,,,Love James 1C1C0EBA nan nan,0
468.0,Marsh,Humphrey,C621AAAA,,,,,,1690,,,Mathematical Instrument Maker,,,,,,,,,,,,,,,,,,,,,,,,,,,,,,,,,,,,,,,,,,,,,,,,,,Marsh Humphrey C621AAAA nan nan,0
469.0,Parsons,John,FF62ED8E,,,,,,1690,1704,,Teacher,,,,,,,,,,,,,,,,,,,,3E88C3B5; B9F9AF5C; F0BE3A7C; F0BE3A7C,,,,,,,,,,,,,,,,,,,,,,,,,,,,,,Parsons John FF62ED8E nan nan,0
470.0,Pound,James,128A1ED7,,,,1669,1724,,,,Mathematical Practitioner,Experimentalist,,,,,,,,,,,,,,,,,,,,,,,,,,,,,,,,032C79F1,,,,,,,,,,,,,,,,,Pound James 128A1ED7 1669 1724,0
471.0,Snart,John,85F69844,324,,,,,1690,1700,,Mathematical Instrument Maker,,,,,,,,,,,,,,,,,,,,,,,,,,,,,,,,,,,,,,,,,,,,,,,,,,Snart John 85F69844 nan nan,0
472.0,Hobbs,M.,9467E2E4,,,,,,1691,,,Teacher,,,,,,,,,,,,,,,,,,,,,,,,,,,,,,,,,,,,,,,,,,,,,,,,,,Hobbs M. 9467E2E4 nan nan,0
473.0,Scarlett,Edward,6C0D85B5,5,,,,1743,1691,,,Mathematical Instrument Maker,,,,,,,,,,,,,,,,,,,,,,,,,,,,,,,,,,,,,,F3E2C1D1,,,,,,,2C81056A,,,,,Scarlett Edward 6C0D85B5 nan 1743,0
474.0,B.,R.,4C5FC921,,,,,,1692,1714,,Mathematical Practitioner,,,,,,,,,,,,,,,,,,,,,,,,,,,,,,,,,,,,,,,,,,,,,,,,,,B. R. 4C5FC921 nan nan,0
475.0,England,John,EB0992F4,234,,,,,1692,1718,,Mathematical Instrument Maker,Astronomer,,,,,,,,,,,,,,,,,,,,,,,,,,,,,,,,,,,,,,,,,,,,,E3F73EF5; 34241F0F,,,,England John EB0992F4 nan nan,0
476.0,Keill,John,5C8252FC,,,,1671,1721,,,,Philosopher,Exerimentalist,,,,,,,,,,,,,,,,,,,,E7E1E5E0,,,,,,,,,,,,,,,,,,6AB00976,,,,,,,,,,,Keill John 5C8252FC 1671 1721,0
477.0,Nicholls,Sutton,DD8E13C3,699,,,,,1692,1731,,Engraver,,,,,,,,,,,,,,,,,0268B16E,,,,,,,,,,,,,,,,,,,,,,,,,,,,,,,,,Nicholls Sutton DD8E13C3 nan nan,0
478.0,Adams,John,07AF9DE2,,,,,,1693,1738,,Mathematical Instrument Maker,,,,,,,,,,,,,,,,,,,,,,,,,,,,,,,,,,,,,,,,,,,,,,,,,,Adams John 07AF9DE2 nan nan,34
479.0,Hodgson,James,9A7F2BEB,,,,1672,1755,,,,Teacher,Philosopher,,,,,,B1DFB24F,,,,,,,,,,,,,97587E93,F0BE3A7C; 0DB18D37,,,,,,,,,,,,,,,,,,,,,,,,,,,,,Hodgson James 9A7F2BEB 1672 1755,0
480.0,Mann,James,0EA3FDDA,272,,,,,1693,1730,,Mathematical Instrument Maker,,,,,,,,,,,,,,,,,,,,,,,,,,,,,,,,,,,,,,,,,,,,,,,,,,Mann James 0EA3FDDA nan nan,0
481.0,Sault,Richard,8A9A7BFE,,,,,,1693,1702,,Teacher,Algebraist,,,,,,,,,D226C5D0,,,,,,,,,,,D226C5D0,,,,,,,,,,,,,,,,,,,,,,,,,,,,,Sault Richard 8A9A7BFE nan nan,0
482.0,Alingham,William,58E1B708,,,,,,1694,1710,,Teacher,,,,,,,,,,,,,,,,,,,,,05885B4B; 3450770F; A36F42D9; 84E713D4,,,,,,,,,,,,,,,,,,,,,,,,,,,,,Alingham William 58E1B708 nan nan,13
483.0,Graham,George,A2D3B276,207,,,1673,1751,,,,Mathematical Practitioner,,,,,,,,,,,,,,,,,,B1DFB24F,,,57DFAACB,,,,,,,,,,,,,,,,B1DFB24F,,,,,,,,2C81056A; E7E1E5E0,,,,,Graham George A2D3B276 1673 1751,0
484.0,Grey,Stephen,A0045755,,,,,,1694,1701,,Mathematical Instrument Maker,,,,,,,,,,,,,,,,,,,,,,,,,,,,,,,,,,,,,,,,,,,,,D83543CE,,,,,Grey Stephen A0045755 nan nan,0
485.0,Howard,John,731AECF2,278,,,,,1694,,,Mathematical Instrument Maker,,,,,,,,,,,,,,,,,,,,,,,,,,,,,,,,,,,,,,,,,,,,,,,,,,Howard John 731AECF2 nan nan,0
487.0,Newton,Samuel,58D69031,,,,,,1694,1709,,Teacher,,,,,,,,,,,,,,,,,,,,,,,,,,,,,,,,,,9A7F2BEB,,,,,,,,,,,,,,,,Newton Samuel 58D69031 nan nan,0
488.0,N/a,n/a,B3512101,,,,,,,,,,,,,,,,,,,,,,,,,,,,,,,,,,,,,,,,,,,,,,,,,,,,,,,,,,,N/a n/a B3512101 nan nan,16
489.0,White,John,43D1A1C2,,,,,,1694,1701,,Author,Teacher,,,,,,,,,,,,,,,,,,,,,,,,,,,,,,,,,,,,,,,,,,,,,,,,,White John 43D1A1C2 nan nan,0
490.0,Wilson,Henry,056C13A2,,,,1673,1741,,,,Author,Teacher,,,,,,,,,,,,,,,,,,,,,,,,,,,,,,,,,,,,,,,,,,,,,,,,,Wilson Henry 056C13A2 1673 1741,0
491.0,Arnold,Robert,425D70FE,,,,,,1695,1712,,Teacher,,,,,,,,,,,,,,,,,,,,,,,,,,,,,,,,,,,,,,,,,,,,,,,,,,Arnold Robert 425D70FE nan nan,0
492.0,Cole,Benjamin,8BBEAA30,,,,,,1695,1709,,Surveyor,Cartographer,,,,,,,,,,,,,,,,,,,,,,,,,,,,,,,,,,,,,,,,,,,,,,,,,Cole Benjamin 8BBEAA30 nan nan,0
493.0,Cooke,T.,EAC2F548,276,,,,,1695,,,Mathematical Instrument Maker,,,,,,,,,,,,,,,,,,,,,A36F42D9,,,,,,,,,,,,,,,,,,,,,,,,,,,,,Cooke T. EAC2F548 nan nan,0
494.0,Crayle,William,D437061A,,,,,,1695,,,Mathematical Instrument Maker,Clockmaker,,,,,,,,,,,,,,,,,,,,,,,,,,,,,,,,,,,,,,,,,,,,,,,,,Crayle William D437061A nan nan,0
495.0,Carte,John,407557EC,277,,,,,1695,1703,,Clockmaker,,,,,,,,,,,,,,,,,,,,,,,,,,,,,,,,,,,,,,,,,,,,,,,,,,Carte John 407557EC nan nan,0
496.0,Watts,Isaac,8AA6DFE6,,,,1674,1748,,,,Teacher,,,,,,,,,,,,,,,,,,,,,,,,,,,,,,,,,,,,,,,,,,,,,,,,,,Watts Isaac 8AA6DFE6 1674 1748,0
497.0,Tuttell,Thomas,3F607DC2,279,,,,,1695,1702,,Mathematical Instrument Maker,,,,,E9CC1C68,,,,D0CC574B,,,,,,,,,,,,8352B776; 7FFBE835,,,,,,,,,,,,,,,,,84E713D4,,,,,,,8352B776,,,,7FFBE835,Tuttell Thomas 3F607DC2 nan nan,0
498.0,Willdey,George,95C4F1B5,280,,,,,1695,1733,,Mathematical Instrument Maker,,,,,,,,,,,,,,,,,D95D3560,AF208BB6,,,,,,,,,,,,,,,,,,,,378D043F; 85318186;,,,,,,,,,,,82F826B3,Willdey George 95C4F1B5 nan nan,0
499.0,Ditton,Humfrey,7B7CE9F7,,,,1675,1715,,,,Teacher,Philosopher,,,,,,,D83543CE,,,,,,,,,0DB18D37; 0268B16E; 549AB8F5,,,,E3F73EF5; 549AB8F5,,,,,,,,,,,,,,,,,,,,,,,,,,,,,Ditton Humfrey 7B7CE9F7 1675 1715,0
500.0,Glyn,Richard,9B6FBFFB,192,,Glynne,,1755,1696,,,Mathematical Instrument Maker,Clockmaker,,,,,,,,,,,,,,,,84E713D4; 7A54A59B; D95D3560,,,,,,,,,,,,,,,,,,,,,,,,,,,,,,,,,Glyn Richard 9B6FBFFB nan 1755,0
501.0,Hatton,Edward,72454507,,,,,,1696,1714,,Teacher,Author,,,,,,,,,,,,,,,,,,,,,,,,,,,,,,,,,,,,,,,,,,,,,,,,,Hatton Edward 72454507 nan nan,0
502.0,Henshaw,John,406AA7BE,270,,,,,1696,1707,,Mathematical Instrument Maker,Watch-maker,,,,,,,,,,,,,,,,,,,,,,,,,,,,,,,,,,,,,,,,,,,,,,,,,Henshaw John 406AA7BE nan nan,0
503.0,Hodgkinson,Thomas,E5C07B2F,653,,,,,1696,,,Mathematical Practitioner,Diallist,,,,,,,,,,,,,,,,,,,,,,,,,,,,,,,,,,,,,,,,,,,,,,,,,Hodgkinson Thomas E5C07B2F nan nan,0
504.0,Jones,William,1B1C8A1C,,,,1675,1749,,,,Teacher,Navigator,,,,,,,,,,,,,,,,,,,E3F73EF5; 3E88C3B5,97587E93,,D83543CE,,,,,,,,,,,,,,,,,,,,,,,,,,,Jones William 1B1C8A1C 1675 1749,0
505.0,Walpool,Thomas,849D47AF,287,,,,,1696,1715,,Mathematical Instrument Maker,,,,,,,,,,,,,,,,,,,,,,,,,,,,,,,,,,,,,,,,,,,,,,,,,,Walpool Thomas 849D47AF nan nan,0
506.0,Dougharty,John,CC31CA9D,,,,1677,1755,,,,Surveyor,,,,,,,,,,,,,,,,,,,,,,,,,,,,,,,,,,,,,,,,,,,,,,,,,,Dougharty John CC31CA9D 1677 1755,0
507.0,Rowley,John,81A8E1DF,286,,,,1728,1698,,,Mathematical Instrument Maker,Engraver,,,,C49CB32A,,,,,,,,,,,,1F26B778,,,,0DB18D37; 9A7F2BEB,,,,,,,,,A2D3B276,,A2D3B276,,,,,,,,,,,,,8352B776; 3F607DC2; D83543CE,,,,,Rowley John 81A8E1DF nan 1728,25
508.0,Ward,John,72ABE83D,,,,,,1698,1709,,Teacher,,,,,,,,,,,,,,,,,,,,,,,,,,,,,,,,,,,,,,,,,,,,,,,,,,Ward John 72ABE83D nan nan,18
509.0,Seller,Jeremiah,7A54A59B,284,,,,,1698,1707,,Mathematical Instrument Maker,,,,,,,,,,,,,,,,,,D95D3560,,,,,9B6FBFFB,,,,,,,,,,,,,,,,,,,,,,,,,,,Seller Jeremiah 7A54A59B nan nan,0
510.0,Bellinger,John,29A37FD1,283 [?],,,,,1699,,,Mathematical Instrument Maker,,,,,,,,,,,,,,,,,,,,,,,,,,,,,,,,,,,,,,,,,,,,,,,,,,Bellinger John 29A37FD1 nan nan,0
511.0,Hewson,John,7CE14FD7,1339,,,,,1699,1726,,Clockmaker,,,,,,,,,,,,,,,,,,,,,,,,,,,,,,,,,,,,,,E4CE98D5,,,,,,,,,,,,Hewson John 7CE14FD7 nan nan,0
513.0,Stirrop,Ralph,85318186,282,,,1678,1734,,,,Mathematical Instrument Maker,,,,,,,,,,,,,,,,,,378D043F,,,,,,,,,,,,,,,,,,,,,,,,,,,,,,,,Stirrop Ralph 85318186 1678 1734,0
514.0,Tipper,John,10A3A821,,,,,,1699,1713,,Navigator,Diallist,Teacher,,,,,,,,,,,,,,,,,,,5D50A77B,,,,,,,,,,,,,,,,,,,,,,,,,,,,,Tipper John 10A3A821 nan nan,0
515.0,Atkinson,James,5135F3BF,19,,,,,1700,1728,,Mathematical Instrument Maker,,,,,,,,,,,,,,,,,,,,,,,,,,,,,,,,,,,,,,,,,CAE896FF,,,,,,,,,Atkinson James 5135F3BF nan nan,32
516.0,Bland,Joseph,296A71DF,,,,,,1700 (?),,,Diallist,,,,,,,,,,,,,,,,,,,,,,,,,,,,,,,,,,,,,,,,,,,,,,,,,,Bland Joseph 296A71DF nan nan,0
517.0,Brandreth,Timothy,AF208BB6,290,,,1679,,1714,,,Mathematical Instrument Maker,,,,,82F826B3,,,,,,,,,,,,,95C4F1B5,,,,,,,,,,,,,,,,,,,,378D043F; 85318186,85318186,,,,,,,,,,,Brandreth Timothy AF208BB6 1679 nan,0
518.0,Douglas,James,470CAEC9,,,,,,1700,,,Mathematical Practitioner,,,,,,,,,,,,,,,,,,,,,,,,,,,,,,,,,,,,,,,,,,,,,,,,,,Douglas James 470CAEC9 nan nan,0
519.0,Hauksbee,Francis,0DB18D37,289,,,,1713,1700,,,Mathematical Instrument Maker,Experimentalist,,,,,,,,,,,,,,,,,,,,9A7F2BEB; 549AB8F5; 7B7CE9F7; E7E1E5E0,,,,,,,,,,,,,,,,,,549AB8F5,,,,,,,D83543CE,,,,Hauksbee Francis 0DB18D37 nan 1713,0
521.0,Korne,John,EB89E4DD,303,,,,,1700,,,Mathematical Instrument Maker,,,,,,,,,,,,,,,,,,,,,,,,,,,,,,,,,,,,,,,,,,,,,,,,,,Korne John EB89E4DD nan nan,0
522.0,Lawson,John,067CBA44,,,,,,1700,1712,,Surveyor,,,,,,,,,,,,,,,,,,,,,,,,,,,,,,,,,,,,,,,,,,,,,,,,,,Lawson John 067CBA44 nan nan,0
523.0,Macy,Benjamin,962FFA94,302,,,,,1700,1728,,Mathematical Instrument Maker,,,,,,,,,,,,,,,,,,,,,,,,,,,,,,,,,,,,,,,,,,,,,,,,,,Macy Benjamin 962FFA94 nan nan,0
524.0,Martin,Michael,7122A322,,,,,,1700,,,Mathematical Practitioner,,,,,,,,,,,,,,,,,,,,,,,,,,,,,,,,,,,,,,,,,,,,,,,,,,Martin Michael 7122A322 nan nan,0
526.0,Patrick,John,DE92E776,300,,,,,1700,1710,,Mathematical Instrument Maker,,,,,,,,,,,,,,,,,,,,,,,,,,,,,,,,,,,,,,,,,,,,,D83543CE,,,,,Patrick John DE92E776 nan nan,0
528.0,Fraser,John,47630FA9,627,,,,,1700,,,Mathematical Instrument Maker,,,,,,,,,,,,,,,,,,,,,,,,,,,,,,,,,,,,,,,,,,,,,,,,,,Fraser John 47630FA9 nan nan,0
529.0,Brampton,John,4E5DACA8,,,,,,1701,,,Author,Teacher,,,,,,,,,,,,,,,,,,,,,,,,,,,,,,,,,,,,,,,,,,,,,,,,,Brampton John 4E5DACA8 nan nan,0
530.0,Colson,John,B9158E2A,,,,1680,1760,,,,Royal Society Fellow,Teacher,,,,,,,,,,,,,,,,,,,,,,,,,,,,,,,,,,,,,,,,,,,,E3F73EF5,,,,,Colson John B9158E2A 1680 1760,26
531.0,H.,J.,F72B3FF9,,,,,,1701,,,Teacher,,,,,,,,,,,,,,,,,,,,,,,,,,,,,,,,,,,,,,,,,,,,,,,,,,H. J. F72B3FF9 nan nan,0
532.0,Jackson,Benjamin,506B7CF6,,,,,,1701,1714 (?),,Philosopher,Author,Mathematical Practitioner,,,,,,,,,,,,,,,,,,,,,,,,,,,,,,,,,,,,,,,,,,,,,,,,Jackson Benjamin 506B7CF6 nan nan,0
533.0,Horseman,Stephen,88EBD84E,655,,,,,1702,1724,,Mathematical Instrument Maker,,,,,,,,,,,,,,,,,,,,,,,,,,,,,,,,,,,,,,550C3775,,,,,,,,,,,,Horseman Stephen 88EBD84E nan nan,0
534.0,Reller,Amandus,CAB619A4,,,,,,1702,,,Teacher,,,,,,,,,,,,,,,,,,,,,,,,,,,,,,,,,,,,,,,,,,,,,,,,,,Reller Amandus CAB619A4 nan nan,0
535.0,Yeff,Robert,44342917,778,,,,,1702,,,Mathematical Instrument Maker,,,,,,,,,,,,,,,,,,,,,,,,,,,,,,,,,,,,,,,,,,,,,,,,,,Yeff Robert 44342917 nan nan,0
536.0,Briant,G.,A0C5F471,,,,,,1703,,,Mathematical Instrument Maker,,,,,,,,,,,,,D226C5D0,,,,,,,,,,,,,,,,,,,,,,,,,,,,,,,,,,,,,Briant G. A0C5F471 nan nan,0
537.0,De La Touche,Peter,F42A6FD0,,,,,,1703,,,Mathematical Practitioner,,,,,,,,,,,,,,,,,,,,,,,,,,,,,,,,,,,,,,,,,,,,,,,,,,De La Touche Peter F42A6FD0 nan nan,0
538.0,Hadley,John,6FC912DB,1239,,,1682,1744,,,,Mathematical Practitioner,,,,,,,,,,,,,,,,,0268B16E,,,,,,,,,,,,,,,,,,,,,,,,,,,,,,,,,Hadley John 6FC912DB 1682 1744,0
539.0,Hyvee,Ryner,8B0127E2,,,,,,1703,1704,,Teacher,Astromomer,Astrologer,,,,,,,,,,,,,,,,,,,,,,,,,,,,,,,,,,,,,,,,,,,,,,,,Hyvee Ryner 8B0127E2 nan nan,0
540.0,Moss,William,DDA42E3A,,,,,,1703,,,Teacher,,,,,,,,,,,,,,,,,,,,,,,,,,,,,,,,,,,,,,,,,,,,,,,,,,Moss William DDA42E3A nan nan,0
541.0,Nelson,Joseph,C6DDA5CA,,,,,,1703,1708,,Mathematical Practitioner,Surveyor,Meteorologer,,,,,,,,,,,,,,,,,,,,,,,,,,,,,,,,,,,,,,,,,,,,,,,,Nelson Joseph C6DDA5CA nan nan,0
542.0,Pepper,Joseph,CF0BE61F,,,,,,1703,1715,,Mathematical Practitioner,,,,,,,,,,,,,,,,,,,,,,,,,,,,,,,,,,,,,,,,,,,,,,,,,,Pepper Joseph CF0BE61F nan nan,0
543.0,Baldwin,Edward,80C8FDA5,,,,,,1704,,,Teacher,Navigator,Salesman,,,,,,,,,,,77FB7497,,,,,,,,,,,,,,,,,,,,,,,,,,,,,,,,,,,,,Baldwin Edward 80C8FDA5 nan nan,0
544.0,Cotes,Roger,BD8E49F9,,,,1683,1717,,,,Teacher,Philosopher,Astronomer,,,,,,,,,,,,,,,,,,E3F73EF5,549AB8F5,,,,,,,,,,,,,,,,,,,,,,,,,,,,,Cotes Roger BD8E49F9 1683 1717,0
545.0,Desaguliers,John Theophilus,E7E1E5E0,,,,1683,1744,,,,Teacher,Mathematical Practitioner,,,,,,,,,,,,,,,,,,,,0DB18D37,,,,,,,,,,,,,,,,,,5C8252FC,,,,,,,,,,,Desaguliers John Theophilus E7E1E5E0 1683 1744,0
546.0,Kelly,Joshua,8E24D8EB,,,,,,1704,1733,,Teacher,Navigator,,,,,,,,,,,,,,,,,,,,,,,,,,,,,,,,,,,,,,,,,,,,,,,,,Kelly Joshua 8E24D8EB nan nan,0
547.0,Senex,John,22851917,295,,,,1740,1704,,,Mathematical Instrument Maker,Globe-maker,Engraver,,,,549AB8F5,,,,,,,,,,,549AB8F5; 2C81056A,,,,D95D3560; 0DB18D37,,,,,,,,,,,,,,,,,,,,,,,,,,,,,Senex John 22851917 nan 1740,0
548.0,Browne,Robert,33F5DF5D,3486,,,,,1705,1730,,Mathematical Practitioner,,,,,,,,,,,,,,,,,,,,,97587E93; 3E88C3B5; CAE896FF,,,,,,,,,,,,,,,,,,,,,,,,,,,,,Browne Robert 33F5DF5D nan nan,0
549.0,Good,John,40391BF5,,,,,,1706,1733,,Teacher,Surveyor,,,,,,,,,,,8C15E125,,,,,,,,,,,,,,,,,,,,,,,,,,,,,,,,,,,,,,Good John 40391BF5 nan nan,10
550.0,Beighton,Henry,5D50A77B,,,,1686,1743,,,,Surveyor,,,,,,,,,,,,,,,,,,,,E7E1E5E0,,,,,,,,,,,,,,,,,,,,,,,,,,,,,,Beighton Henry 5D50A77B 1686 1743,0
551.0,Bridger,Richard,60B3D7CC,54,,,,,1707,1714,,Mathematical Instrument Maker,,,,,,,,,,,,,,,,,,,,,,,,,,,,,,,,,,,,,,0DB18D37,,,,,,,,,,,,Bridger Richard 60B3D7CC nan nan,0
552.0,Wright,Thomas,1F26B778,293,,,1686,1748 (?),,,,Mathematical Instrument Maker,,,,,,,,,,,,,,,,,,,,,,,,,,,,,,,,,,,,,,,,,,,,,,,,,81A8E1DF,Wright Thomas 1F26B778 1686 1748 (?),0
553.0,Hauksbee,Francis (Jnr.),0268B16E,237,,,1687,1763,,,,Mathematical instrument Maker,,,,,,,,,,,,,,,,,DD8E13C3; 6FC912DB,,,6FC912DB,7B7CE9F7; 549AB8F5,,,,,,,,,,,,,,,,0DB18D37,0DB18D37 (possibly),549AB8F5,,,,,,,,,,,Hauksbee Francis (Jnr.) 0268B16E 1687 1763,0
554.0,Snow,Ralph,81C42A65,,,,,,1708,1710,,Teacher,,,,,,,,,,,,,,,,,,,,,,,,,,,,,,,,,,,,,,,,,,,,,,,,,,Snow Ralph 81C42A65 nan nan,0
555.0,Cawood,Francis,7DF019DB,375,,,,,1709,1712,,Mathematical instrument Maker,,,,,,,,,,,,,,,,,,,,,,,,,,E3F73EF5; 3E88C3B5,,,,,,,,,,,,,,,,,,,,,,,,Cawood Francis 7DF019DB nan nan,0
556.0,Bennett,John,B96BC884,,,,,,1710,,,Mathematical instrument Maker,,,,,,,,,,,,,,,,,,,,,,,,,,,,,,,,,,,,,,,,,,,,,,,,,,Bennett John B96BC884 nan nan,0
557.0,Buchanan,John,77589405,,,,,,1710,1711,,Teacher,Surveyor,,,,,,,,,,,,,,,,,,,,,,,,,,,,,,,,,,,,,,,,,,,,,,,,,Buchanan John 77589405 nan nan,0
558.0,Granger,Thomas,4E761C53,292,,,,,1710,,,Mathematical instrument Maker,,,,,,,,,,,,,,,,,,,,,,,,,,,,,,,,,,,,,,,,,,,,,,,,,,Granger Thomas 4E761C53 nan nan,0
559.0,Vream,William,C80FDAD4,291,,,,,1710,1717,,Mathematical Instrument Maker,Experimentalist,,,,,0DB18D37,,,,,,,,,,,,,,,,,,,,,,,,,,,,,,,,,,,,,,,,,,,0DB18D37 (possibly),Vream William C80FDAD4 nan nan,0
560.0,Barker,William,8510B9CB,307,,,,,1711,,,Mathematical Instrument Maker,Diallist,,,,,,,,,,,,,,,,,,,,,,40391BF5,,,,,,,,,,,,,,,,,,,,,,,,,,,Barker William 8510B9CB nan nan,36
561.0,Holtum,Christopher,6F9ED7F5,306,,,,,1711,,,Mathematical Instrument Maker,,,,,,,,,,,,,,,,,,,,,,,,,,,,,,,,,,,,,,,,,,,,,,,,,,Holtum Christopher 6F9ED7F5 nan nan,0
562.0,Loft,Matthew,CE0324A6,314,,,,,1711,1747,,Mathematical Instrument Maker,,,,,,,,,,,,,,,,,,,,,,,,,,,,,,,,,,,,,,66552EDB,,,,,,,,,,,,Loft Matthew CE0324A6 nan nan,0
563.0,Smith,Nathaniel,54D354EC,305,,,,,1711,,,Mathematical Instrument Maker,Diallist,,,,,,,,,,,,,,,,,,,,,,40391BF5,,,,,,,,,,,,,,,,,,,,,,,,,,,Smith Nathaniel 54D354EC nan nan,0
564.0,Collier,William,326504BE,187,,,,,1712,1730,,Mathematical Instrument Maker,,,,,,,,,,,,,,,,,,,,,,,,,,,,,,,,,,,,,,,,,,,,,,,,,,Collier William 326504BE nan nan,0
565.0,Douglas,John,48DF0AFA,,,,,,1712,,,Teacher,,,,,,,,,,,,,,,,,,,,,,,,,,,,,,,,,,,,,,,,,,,,,,,,,,Douglas John 48DF0AFA nan nan,39
566.0,Hill,John,06B9E9FA,?? [4605],,,,,1712,,,Teacher,,,,,,,,,,,,,,,,,,,,,,,,,,,,,,,,,,,,,,,,,,,,,,,,,,Hill John 06B9E9FA nan nan,3
567.0,Haddon,William,3B4F3DDC,645,,,,,1713,,,Mathematical Instrument Maker,,,,,,,,,,,,,,,,,,,,,,,,,,,,,,,,,,,,,,,,,,,,,,,,,,Haddon William 3B4F3DDC nan nan,0
568.0,Witham,Nathaniel,F0D57597,310,,,,,1713,,,Mathematical Instrument Maker,,,,,,,,,,,,,,,,,,,,,,,,,,,,,,,,,,,,,,,,,,,,,,,,,,Witham Nathaniel F0D57597 nan nan,0
569.0,Billingsley,Case,2810FCFD,,,,,,1714,1724,,Mathematical Practitioner,,,,,,,,,,,,,,,,,,,,,,,,,,,,,,,,,,,,,,,,,,,,,,,,,,Billingsley Case 2810FCFD nan nan,0
570.0,Blow,Edmund,49AC61DA,49,,,,,1714,1715,,Mathematical Instrument Maker,,,,,,,,,,,,,,,,,,,,,,,,,,,,,,,,,,,,,,,,,,,,,,,,,,Blow Edmund 49AC61DA nan nan,0
571.0,Cole,Philip,FFADE11E,,,,,,1714,,,Teacher,Clergyman,,,,,,,,,,,,,,,,,,,,,,,,,,,,,,,,,,,,,,,,,,,,,,,,,Cole Philip FFADE11E nan nan,0
572.0,Cunn,Samuel,42331496,,,,,,1714,1722,,Teacher,Surveyor,Mathematical Practitioner,,,,,,,,,,,,,,,,,,,,,,,,,,,,,,,,,,,,,,,,,,,2C81056A,,,,,Cunn Samuel 42331496 nan nan,0
573.0,Harrison,John,57DFAACB,169,,,1693,1776,,,,Surveyor,Philosopher,,,,,,,,,,,,,,,,,,,,,,,,,,,,,,,,,,,,,,,,,,,,2C81056A,B9158E2A,,,,Harrison John 57DFAACB 1693 1776,38
574.0,Hawkins,Isaac,273ECAA3,,,,,,1714,,,Teacher,,,,,,,,,,,,,,,,,,,,,,,,,,,,,,,,,,,,,,,,,,,,,,,,,,Hawkins Isaac 273ECAA3 nan nan,0
575.0,Heath,Thomas,2F1EF820,271,,,,,1714,1765,,Mathematical Instrument Maker,,,,,42331496,,E3F73EF5,,,,,,,,,,,,,,42331496,,,,,,,,,,,,,,,,,,,,,,,,2C81056A,,,,,Heath Thomas 2F1EF820 nan nan,0
576.0,Kingsley,George,E5687B9B,,,,,,1714,1716,,Teacher,Mathematical Practitioner,,,,,,,,,,,,,,,,,,,,,,,,,,,,,,,,,,,,,,,,,,,,,,,,,Kingsley George E5687B9B nan nan,0
577.0,Scott,Benjamin,53B0CEEE,315,,,,,1713,1733,,Mathematical Instrument Maker,,,,,,,,,,,,,,,,,,,,,D95D3560,,,,,,,,,,,,,,,,,,,,,,,,,,,,,Scott Benjamin 53B0CEEE nan nan,0
578.0,Thacker,Jeremy,C61E4D17,,,,,,1714,,,Mathematical instrument Maker,,,,,,,,,,,,,,,,,,,,,,,,,,,,,,,,,,,,,,,,,,,,,,,,,,Thacker Jeremy C61E4D17 nan nan,0
579.0,Wilson,John,5599BAC1,,,,,,1714,,,Teacher,Author,,,,,,,,,,,,,,,,,,,,,,,,,,,,,,,,,,,,,,,,,,,,,,,,,Wilson John 5599BAC1 nan nan,0
580.0,Sisson,Jonathan,7D803575,312,,,1694 (?),1749,,,,Mathematical Instrument Maker,,,,,,,,,,,,,,,,,,,,,,,,,,,,,,,,,,,,,,,,,,,,,,42331496,,,,Sisson Jonathan 7D803575 1694 (?) 1749,0
581.0,Wyeth,William,602035A5,311,,,,1741,1715 (?),,,Mathematical Instrument Maker,Surveyor,,,,,,,,,,,,,,,,,217C9C38; 1F26B778,,,,,,,,,,,,,,,,,,,,,,,,,,,,,,,,Wyeth William 602035A5 nan 1741,0
582.0,Stone,Edmund,2C81056A,,,,,,1700 (?),1768,,Author,,,,,,,,,,,,,,,,,,,,,,,,,,,,,,,,,,,,,,,,,,,,,,,,,,Stone Edmund 2C81056A nan nan,0
195.0,Cartographer,Nicholas,03695484,,,,,,1640,1687,,Teacher,Mathematical practitioner,,,,,,,,,,,,,,,,,,,,,,,,,,,,,,,,,,,,,,,,,,,,,,,,,Cartographer Nicholas 03695484 nan nan,0
219.0,Marland,Samuel,08FE9AE2,,,,1625,1696,,,,Engineer,Mathematical Instrument Maker,,,,,,,,,,,,,,,,,,,,,,,,,,,,,,,,,,,,,,,,,,,,,,,,,Marland Samuel 08FE9AE2 1625 1696,21
222.0,Laybourne,William,D226C5D0,,,,1626,1716,,,,Mathematical Practitioner,Author,Surveyor,,,,,,,,,,,,,,,,,,,,,,,,,,,,,,,,,,,,,,,,,,,,,,,,Laybourne William D226C5D0 1626 1716,22
257.0,Osborne,Hnery,AEE94D08,,,Osburn,,,1653,1686,,Astronomer,Mathematician,,,,,,,,,,,,,,,,,,,,,,,,,,,,,,,,,,,,,,,,,,,,,,,,,Osborne Hnery AEE94D08 nan nan,27
361.0,Sharp,Abraham,535C2490,,,,1651,1742,,,,Teacher,Mathematical Instrument maker,Philosopher,,,,,,,,,,,,,,,,,,,,,,,,,,,,,,,,,,,,,,,,,,,,,,,,Sharp Abraham 535C2490 1651 1742,35
565.0,Doglas,John,48DF0AFA,,,,,,1712,,,Teacher,,,,,,,,,,,,,,,,,,,,,,,,,,,,,,,,,,,,,,,,,,,,,,,,,,Doglas John 48DF0AFA nan nan,39
